Title,Sold_Date,Sold_Price,Bids,Card_Link,Image_Link
2018 Contenders Optic Sam Darnold #103 Red Rookie #/99 PSA 8 NM-MT AUTO 10,2021-02-14,104.50,26,https://www.ebay.com/itm/2018-Contenders-Optic-Sam-Darnold-103-Red-Rookie-99-PSA-8-NM-MT-AUTO-10/143935698791?hash=item21833c7767%3Ag%3AjewAAOSwNb9gGEvi&LH_Auction=1,https://i.ebayimg.com/thumbs/images/g/jewAAOSwNb9gGEvi/s-l225.jpg
2018 Contenders Optic Sam Darnold #RYASD Rookie #/35 PSA 8.5 NM-MT+ AUTO 10,2021-02-11,86.00,24,https://www.ebay.com/itm/2018-Contenders-Optic-Sam-Darnold-RYASD-Rookie-35-PSA-8-5-NM-MT-AUTO-10/154315241588?hash=item23ede7b874%3Ag%3AmqEAAOSw%7EtFgGEtT&LH_Auction=1,https://i.ebayimg.com/thumbs/images/g/mqEAAOSw~tFgGEtT/s-l225.jpg
2018 National Treasures Sam Darnold #102 Material Rookie #/99 PSA 7 NM AUTO 10,2021-02-07,66.00,34,https://www.ebay.com/itm/2018-National-Treasures-Sam-Darnold-102-Material-Rookie-99-PSA-7-NM-AUTO-10/154306687648?hash=item23ed6532a0%3Ag%3A4JUAAOSwby9gDzo8&LH_Auction=1,https://i.ebayimg.com/thumbs/images/g/4JUAAOSwby9gDzo8/s-l225.jpg
2018 Elite Draft Picks Collegiate Sam Darnold #101 Rookie #49 PSA 9 MINT AUTO 10,2021-02-07,67.00,35,https://www.ebay.com/itm/2018-Elite-Draft-Picks-Collegiate-Sam-Darnold-101-Rookie-49-PSA-9-MINT-AUTO-10/154306684480?hash=item23ed652640%3Ag%3ArVMAAOSwAK5gDzlc&LH_Auction=1,https://i.ebayimg.com/thumbs/images/g/rVMAAOSwAK5gDzlc/s-l225.jpg
2018 Contenders College Ticket Cracked Ice Josh Rosen RC Rookie AUTO /23 PSA 10,2021-02-15,81.00,19,https://www.ebay.com/itm/2018-Contenders-College-Ticket-Cracked-Ice-Josh-Rosen-RC-Rookie-AUTO-23-PSA-10/383944702688?hash=item5964e33ae0%3Ag%3AsTAAAOSwGmlgIZFn&LH_Auction=1,https://i.ebayimg.com/thumbs/images/g/sTAAAOSwGmlgIZFn/s-l225.jpg
2018 Panini Contenders Draft Ready Sam Darnold ROOKIE RC AUTO #101 PSA 10 GEM MT,2021-02-06,138.50,13,https://www.ebay.com/itm/2018-Panini-Contenders-Draft-Ready-Sam-Darnold-ROOKIE-RC-AUTO-101-PSA-10-GEM-MT/402672898487?hash=item5dc12cd1b7%3Ag%3AxxYAAOSwOtNgGIru&LH_Auction=1,https://i.ebayimg.com/thumbs/images/g/xxYAAOSwOtNgGIru/s-l225.jpg
2018 Contenders Josh Rosen Rookie Ticket Auto Autograph PSA 10 GEM MINT #106,2021-02-05,152.50,29,https://www.ebay.com/itm/2018-Contenders-Josh-Rosen-Rookie-Ticket-Auto-Autograph-PSA-10-GEM-MINT-106/203262668371?hash=item2f53662e53%3Ag%3AMFAAAOSwmRlfjF0b&LH_Auction=1,https://i.ebayimg.com/thumbs/images/g/MFAAAOSwmRlfjF0b/s-l225.jpg
2018 Contenders Football Josh Rosen Rookie Ticket Variation AUTO PSA 10 Gem Mint,2021-02-03,86.96,21,https://www.ebay.com/itm/2018-Contenders-Football-Josh-Rosen-Rookie-Ticket-Variation-AUTO-PSA-10-Gem-Mint/373441592841?hash=item56f2da7e09%3Ag%3AfGkAAOSwjXtf5jR-&LH_Auction=1,https://i.ebayimg.com/thumbs/images/g/fGkAAOSwjXtf5jR-/s-l225.jpg
2018 Panini Contenders Sam Darnold ROOKIE RC AUTO #103 PSA 10 GEM MINT,2021-02-06,522.12,45,https://www.ebay.com/itm/2018-Panini-Contenders-Sam-Darnold-ROOKIE-RC-AUTO-103-PSA-10-GEM-MINT/353373781517?hash=item5246b7fe0d%3Ag%3AoZMAAOSwFJVgGIrl&LH_Auction=1,https://i.ebayimg.com/thumbs/images/g/oZMAAOSwFJVgGIrl/s-l225.jpg
2018 Panini Contenders Draft Picks Sam Darnold ROOKIE RC AUTO #101 PSA 10 GEM MT,2021-01-25,151.00,24,https://www.ebay.com/itm/2018-Panini-Contenders-Draft-Picks-Sam-Darnold-ROOKIE-RC-AUTO-101-PSA-10-GEM-MT/353355260722?hash=item52459d6332%3Ag%3A6j8AAOSwh%7ERgAkSb&LH_Auction=1,https://i.ebayimg.com/thumbs/images/g/6j8AAOSwh~RgAkSb/s-l225.jpg
2018 Panini Flawless Baker Mayfield ROOKIE RC PATCH AUTO 1/25 PSA 10 GEM MINT,2021-02-13,"3,045.00",29,https://www.ebay.com/itm/2018-Panini-Flawless-Baker-Mayfield-ROOKIE-RC-PATCH-AUTO-1-25-PSA-10-GEM-MINT/233886918400?hash=item3674bf2700%3Ag%3ATvUAAOSwfnBgHyfU&LH_Auction=1,https://i.ebayimg.com/thumbs/images/g/TvUAAOSwfnBgHyfU/s-l225.jpg
2018 PANINI CONTENDERS AUTO. #106 JOSH ROSEN RC RIGHT HAND PSA 10 A0004008-614,2021-01-31,92.00,24,https://www.ebay.com/itm/2018-PANINI-CONTENDERS-AUTO-106-JOSH-ROSEN-RC-RIGHT-HAND-PSA-10-A0004008-614/265021305927?hash=item3db4803447%3Ag%3ArUgAAOSw5fhgCGRD&LH_Auction=1,https://i.ebayimg.com/thumbs/images/g/rUgAAOSw5fhgCGRD/s-l225.jpg
2018 PANINI PRIZM JOSH ALLEN SILVER NON AUTO RC PSA 10???,2021-02-14,26.00,18,https://www.ebay.com/itm/2018-PANINI-PRIZM-JOSH-ALLEN-SILVER-NON-AUTO-RC-PSA-10/233887340397?hash=item3674c5976d%3Ag%3Al2IAAOSwhjdgH8dH&LH_Auction=1,https://i.ebayimg.com/thumbs/images/g/l2IAAOSwhjdgH8dH/s-l225.jpg
2018 Prizm Red Wave Sam Darnold Auto Rc (85/99) PSA 10,2021-01-12,283.78,20,https://www.ebay.com/itm/2018-Prizm-Red-Wave-Sam-Darnold-Auto-Rc-85-99-PSA-10/143909237767?hash=item2181a8b407%3Ag%3A9IAAAOSwNTpf9KIw&LH_Auction=1,https://i.ebayimg.com/thumbs/images/g/9IAAAOSwNTpf9KIw/s-l225.jpg
2018 Prizm Silver Rookie RC Sam Darnold Auto PSA 10 - 100% To Charity #SD,2021-01-12,322.00,31,https://www.ebay.com/itm/2018-Prizm-Silver-Rookie-RC-Sam-Darnold-Auto-PSA-10-100-To-Charity-SD/164627860925?hash=item265495cdbd%3Ag%3AycEAAOSw0vBf9P59&LH_Auction=1,https://i.ebayimg.com/thumbs/images/g/ycEAAOSw0vBf9P59/s-l225.jpg
2018 Panini Flawless Baker Mayfield #BM Signature Rookie PSA 10 GEM MINT AUTO 10,2021-02-11,"1,193.00",31,https://www.ebay.com/itm/2018-Panini-Flawless-Baker-Mayfield-BM-Signature-Rookie-PSA-10-GEM-MINT-AUTO-10/233886914999?hash=item3674bf19b7%3Ag%3AO04AAOSwZNRgHybr&LH_Auction=1,https://i.ebayimg.com/thumbs/images/g/O04AAOSwZNRgHybr/s-l225.jpg
2018 Panini Prizm Rookie Silver JOSH ROSEN AUTO RC PSA 10 GEM MINT,2021-01-13,97.55,28,https://www.ebay.com/itm/2018-Panini-Prizm-Rookie-Silver-JOSH-ROSEN-AUTO-RC-PSA-10-GEM-MINT/254827333195?hash=item3b54e4864b%3Ag%3AdisAAOSwxkpf9fi0&LH_Auction=1,https://i.ebayimg.com/thumbs/images/g/disAAOSwxkpf9fi0/s-l225.jpg
2018 Panini Contenders Rookie Roundup Josh Rosen RC AUTO /49 Cardnials PSA 10,2021-01-12,36.00,9,https://www.ebay.com/itm/2018-Panini-Contenders-Rookie-Roundup-Josh-Rosen-RC-AUTO-49-Cardnials-PSA-10/363246997899?hash=item549335518b%3Ag%3AlzcAAOSws19fyqcU&LH_Auction=1,https://i.ebayimg.com/thumbs/images/g/lzcAAOSws19fyqcU/s-l225.jpg
2018 PANINI PRIZM JOSH ROSEN ROOKIE RC AUTO #D 13/25 PSA 10 CARDINALS,2021-01-06,104.19,32,https://www.ebay.com/itm/2018-PANINI-PRIZM-JOSH-ROSEN-ROOKIE-RC-AUTO-D-13-25-PSA-10-CARDINALS/124508060460?hash=item1cfd423b2c%3Ag%3AZ6EAAOSwuIFf7Jdu&LH_Auction=1,https://i.ebayimg.com/thumbs/images/g/Z6EAAOSwuIFf7Jdu/s-l225.jpg
2018 Panini Rookie & Stars Josh Allen RC Patch Auto 45/75 #DFS-JA PSA 10 POP 2 ,2021-02-14,755.00,42,https://www.ebay.com/itm/2018-Panini-Rookie-Stars-Josh-Allen-RC-Patch-Auto-45-75-DFS-JA-PSA-10-POP-2/114664113513?hash=item1ab2838569%3Ag%3A7p4AAOSwZq1f%7EDk3&LH_Auction=1,https://i.ebayimg.com/thumbs/images/g/7p4AAOSwZq1f~Dk3/s-l225.jpg
2018 Leaf Ultimate Sam Darnold Rc Auto Gold Foil #2/25 BGS 9/10 Auto $$$ POP 1/1,2020-12-26,63.00,18,https://www.ebay.com/itm/2018-Leaf-Ultimate-Sam-Darnold-Rc-Auto-Gold-Foil-2-25-BGS-9-10-Auto-POP-1-1/293903136951?hash=item446dfdf8b7%3Ag%3AVRsAAOSwdtxfuqSJ&LH_Auction=1,https://i.ebayimg.com/thumbs/images/g/VRsAAOSwdtxfuqSJ/s-l225.jpg
2018 Leaf Metal Draft Blue Prismatic Baker Mayfield RC Rookie AUTO 28/35 PSA 10,2021-02-11,251.38,46,https://www.ebay.com/itm/2018-Leaf-Metal-Draft-Blue-Prismatic-Baker-Mayfield-RC-Rookie-AUTO-28-35-PSA-10/383936318804?hash=item5964634d54%3Ag%3A3vEAAOSw5iJgG%7E7L&LH_Auction=1,https://i.ebayimg.com/thumbs/images/g/3vEAAOSw5iJgG~7L/s-l225.jpg
2018 Panini Score Baker Mayfield Gold Zone Auto /50 PSA 10 Gem Mint RC RookieÂ ,2021-02-08,228.50,26,https://www.ebay.com/itm/2018-Panini-Score-Baker-Mayfield-Gold-Zone-Auto-50-PSA-10-Gem-Mint-RC-Rookie/313405798936?hash=item48f870fa18%3Ag%3A%7E-cAAOSwJcRgGt%7Es&LH_Auction=1,https://i.ebayimg.com/thumbs/images/g/~-cAAOSwJcRgGt~s/s-l225.jpg
2018 Contenders Football Josh Rosen RC Rookie Ticket AUTO #106 PSA 10 Gem Mint,2021-01-04,74.00,10,https://www.ebay.com/itm/2018-Contenders-Football-Josh-Rosen-RC-Rookie-Ticket-AUTO-106-PSA-10-Gem-Mint/373405834614?hash=item56f0b8dd76%3Ag%3AvBAAAOSwGAhf5jSr&LH_Auction=1,https://i.ebayimg.com/thumbs/images/g/vBAAAOSwGAhf5jSr/s-l225.jpg
2018 Contenders Football Josh Rosen Rookie Ticket Variation AUTO PSA 10 Gem Mint,2021-01-04,122.50,11,https://www.ebay.com/itm/2018-Contenders-Football-Josh-Rosen-Rookie-Ticket-Variation-AUTO-PSA-10-Gem-Mint/363234254169?hash=item549272dd59%3Ag%3AfGkAAOSwjXtf5jR-&LH_Auction=1,https://i.ebayimg.com/thumbs/images/g/fGkAAOSwjXtf5jR-/s-l225.jpg
2018 PANINI PRIZM LAMAR JACKSON SILVER RC NON AUTO PSA 10??,2021-02-14,13.15,10,https://www.ebay.com/itm/2018-PANINI-PRIZM-LAMAR-JACKSON-SILVER-RC-NON-AUTO-PSA-10/333881751707?hash=item4dbce7389b%3Ag%3AfaAAAOSwZWJgH8ZV&LH_Auction=1,https://i.ebayimg.com/thumbs/images/g/faAAAOSwZWJgH8ZV/s-l225.jpg
2018 Panini Elite Josh Allen Turn Of The Century Rookie Auto 25/99 #TC-JA PSA 10,2021-02-14,565.00,40,https://www.ebay.com/itm/2018-Panini-Elite-Josh-Allen-Turn-Of-The-Century-Rookie-Auto-25-99-TC-JA-PSA-10/114664113162?hash=item1ab283840a%3Ag%3A8lQAAOSwFoFgAqwJ&LH_Auction=1,https://i.ebayimg.com/thumbs/images/g/8lQAAOSwFoFgAqwJ/s-l225.jpg
2019 Prestige Josh Allen Buffalo Bills non auto psa 10?,2021-02-14,1.25,2,https://www.ebay.com/itm/2019-Prestige-Josh-Allen-Buffalo-Bills-non-auto-psa-10/333882311999?hash=item4dbcefc53f%3Ag%3A4JcAAOSwZrlgDXtB&LH_Auction=1,https://i.ebayimg.com/thumbs/images/g/4JcAAOSwZrlgDXtB/s-l225.jpg
2018 Panini XR Green Sam Darnold ROOKIE RC PSA/DNA 10 AUTO /2 PSA AUTH,2020-12-17,135.00,23,https://www.ebay.com/itm/2018-Panini-XR-Green-Sam-Darnold-ROOKIE-RC-PSA-DNA-10-AUTO-2-PSA-AUTH/402594626913?hash=item5dbc827d61%3Ag%3AbYsAAOSwwkZfzswz&LH_Auction=1,https://i.ebayimg.com/thumbs/images/g/bYsAAOSwwkZfzswz/s-l225.jpg
2018 Panini Certified Roll Call Gold Sam Darnold RC PSA/DNA 10 AUTO /15 PSA 8.5,2020-12-17,21.50,15,https://www.ebay.com/itm/2018-Panini-Certified-Roll-Call-Gold-Sam-Darnold-RC-PSA-DNA-10-AUTO-15-PSA-8-5/402594622069?hash=item5dbc826a75%3Ag%3ArscAAOSwd7RfzsuD&LH_Auction=1,https://i.ebayimg.com/thumbs/images/g/rscAAOSwd7RfzsuD/s-l225.jpg
2018 Panini Red Wave Prizm Sam Darnold RC Rookie AUTO 56/99 PSA 10,2020-12-17,158.05,16,https://www.ebay.com/itm/2018-Panini-Red-Wave-Prizm-Sam-Darnold-RC-Rookie-AUTO-56-99-PSA-10/373386534811?hash=item56ef925f9b%3Ag%3Ap9gAAOSwPZhf0un%7E&LH_Auction=1,https://i.ebayimg.com/thumbs/images/g/p9gAAOSwPZhf0un~/s-l225.jpg
2018 Panini Contenders Cracked Ice Baker Mayfield ROOKIE RC AUTO /23 #24 PSA 10,2021-02-06,305.00,26,https://www.ebay.com/itm/2018-Panini-Contenders-Cracked-Ice-Baker-Mayfield-ROOKIE-RC-AUTO-23-24-PSA-10/143935883805?hash=item21833f4a1d%3Ag%3AGR0AAOSw2mJgGIrz&LH_Auction=1,https://i.ebayimg.com/thumbs/images/g/GR0AAOSw2mJgGIrz/s-l225.jpg
2018 Panini Prizm Josh Rosen Rookie Auto Blue Scope /99 #JR PSA 10 Gem Mint,2021-01-02,56.00,25,https://www.ebay.com/itm/2018-Panini-Prizm-Josh-Rosen-Rookie-Auto-Blue-Scope-99-JR-PSA-10-Gem-Mint/124500624875?hash=item1cfcd0c5eb%3Ag%3A9ksAAOSwWZlf5Pes&LH_Auction=1,https://i.ebayimg.com/thumbs/images/g/9ksAAOSwWZlf5Pes/s-l225.jpg
2018 PANINI CONTENDERS JOSH ROSEN  RC AUTO PSA 10 GEM MINT,2020-12-22,117.50,19,https://www.ebay.com/itm/2018-PANINI-CONTENDERS-JOSH-ROSEN-RC-AUTO-PSA-10-GEM-MINT/393057545194?hash=item5b840e2bea%3Ag%3Alg0AAOSwZ5Vf2QDA&LH_Auction=1,https://i.ebayimg.com/thumbs/images/g/lg0AAOSwZ5Vf2QDA/s-l225.jpg
2018 PANINI CONTENDERS JOSH ROSEN BALL AT CHEST AUTO ROOKIE CARD PSA 10 GEM MINT,2020-12-22,132.50,22,https://www.ebay.com/itm/2018-PANINI-CONTENDERS-JOSH-ROSEN-BALL-AT-CHEST-AUTO-ROOKIE-CARD-PSA-10-GEM-MINT/124488510683?hash=item1cfc17ecdb%3Ag%3ADM8AAOSw%7E-Nf2SV6&LH_Auction=1,https://i.ebayimg.com/thumbs/images/g/DM8AAOSw~-Nf2SV6/s-l225.jpg
Lamar Jackson 2018 Immaculate Rookie Relic AUTO 08/10 BGS 9 (PSA 10?),2021-01-23,786.00,4,https://www.ebay.com/itm/Lamar-Jackson-2018-Immaculate-Rookie-Relic-AUTO-08-10-BGS-9-PSA-10/184624716078?hash=item2afc7d992e%3Ag%3AXWIAAOSwPaFgA9Rq&LH_Auction=1,https://i.ebayimg.com/thumbs/images/g/XWIAAOSwPaFgA9Rq/s-l225.jpg
Josh Allen 2018 Leaf Ultimate Draft BA-JA1 Gold 19/25 PSA 8 Auto 10,2021-02-14,227.61,7,https://www.ebay.com/itm/Josh-Allen-2018-Leaf-Ultimate-Draft-BA-JA1-Gold-19-25-PSA-8-Auto-10/313410374730?hash=item48f8b6cc4a%3Ag%3AlXIAAOSwzVtgFgMm&LH_Auction=1,https://i.ebayimg.com/thumbs/images/g/lXIAAOSwzVtgFgMm/s-l225.jpg
Josh Allen 2018 Panini Contenders Rookie Ticket Autograph BILLS RC Auto PSA 10,2021-02-13,"3,609.00",40,https://www.ebay.com/itm/Josh-Allen-2018-Panini-Contenders-Rookie-Ticket-Autograph-BILLS-RC-Auto-PSA-10/254857549483?hash=item3b56b196ab%3Ag%3AVmYAAOSwHCFgBYIo&LH_Auction=1,https://i.ebayimg.com/thumbs/images/g/VmYAAOSwHCFgBYIo/s-l225.jpg
2018 Donruss Optic 154 JOSH ALLEN RATED ROOKIE auto SP #â€™D 64/99 PSA 10?,2021-02-13,"1,264.00",29,https://www.ebay.com/itm/2018-Donruss-Optic-154-JOSH-ALLEN-RATED-ROOKIE-auto-SP-D-64-99-PSA-10/333883522388?hash=item4dbd023d54%3Ag%3APT4AAOSwQn5gGtFy&LH_Auction=1,https://i.ebayimg.com/thumbs/images/g/PT4AAOSwQn5gGtFy/s-l225.jpg
2018 Panini Spectra Sam Darnold Rookie Patch Auto Green /25 PSA 10,2020-12-15,115.00,31,https://www.ebay.com/itm/2018-Panini-Spectra-Sam-Darnold-Rookie-Patch-Auto-Green-25-PSA-10/114573532896?hash=item1aad1d5ee0%3Ag%3AhhkAAOSwKIhf1RAC&LH_Auction=1,https://i.ebayimg.com/thumbs/images/g/hhkAAOSwKIhf1RAC/s-l225.jpg
2018 Panini Prizm Sam Darnold Auto Rookie Worn Patch /99 Graded PSA 10 W10! 1/1?,2020-12-14,399.99,1,https://www.ebay.com/itm/2018-Panini-Prizm-Sam-Darnold-Auto-Rookie-Worn-Patch-99-Graded-PSA-10-W10-1-1/174550540030?hash=item28a405defe%3Ag%3AttkAAOSwpl9e%7EC3r&LH_Auction=1,https://i.ebayimg.com/thumbs/images/g/ttkAAOSwpl9e~C3r/s-l225.jpg
2018 Panini Prizm Sam Darnold Green Crystals Rookie RC Auto 24/49 #RA-SD PSA 10 ,2020-12-13,238.50,23,https://www.ebay.com/itm/2018-Panini-Prizm-Sam-Darnold-Green-Crystals-Rookie-RC-Auto-24-49-RA-SD-PSA-10/114562131016?hash=item1aac6f6448%3Ag%3AfUIAAOSwqqdfv3lV&LH_Auction=1,https://i.ebayimg.com/thumbs/images/g/fUIAAOSwqqdfv3lV/s-l225.jpg
2018 National Treasures Colossal Prime Baker Mayfield RC PATCH AUTO /25 PSA 10,2021-02-06,527.00,43,https://www.ebay.com/itm/2018-National-Treasures-Colossal-Prime-Baker-Mayfield-RC-PATCH-AUTO-25-PSA-10/353373781387?hash=item5246b7fd8b%3Ag%3A7ikAAOSwDIpgGIrP&LH_Auction=1,https://i.ebayimg.com/thumbs/images/g/7ikAAOSwDIpgGIrP/s-l225.jpg
2018 National Treasures Collegiate Gold Baker Mayfield RC PATCH AUTO 6/10 PSA 10,2021-02-06,363.00,16,https://www.ebay.com/itm/2018-National-Treasures-Collegiate-Gold-Baker-Mayfield-RC-PATCH-AUTO-6-10-PSA-10/402672897759?hash=item5dc12ccedf%3Ag%3AKWAAAOSwWDBgGIrK&LH_Auction=1,https://i.ebayimg.com/thumbs/images/g/KWAAAOSwWDBgGIrK/s-l225.jpg
2018 Panini Contenders Cracked Ice Josh Rosen ROOKIE RC AUTO /24 #106 PSA 10 GEM,2020-12-17,511.00,25,https://www.ebay.com/itm/2018-Panini-Contenders-Cracked-Ice-Josh-Rosen-ROOKIE-RC-AUTO-24-106-PSA-10-GEM/143877160242?hash=item217fbf3d32%3Ag%3AluwAAOSw4h1fzsub&LH_Auction=1,https://i.ebayimg.com/thumbs/images/g/luwAAOSw4h1fzsub/s-l225.jpg
2018 Panini Contenders Rookie Roundup Josh Rosen RC AUTO /49 Cardnials PSA 10,2020-12-14,45.00,14,https://www.ebay.com/itm/2018-Panini-Contenders-Rookie-Roundup-Josh-Rosen-RC-AUTO-49-Cardnials-PSA-10/363207669248?hash=item5490dd3600%3Ag%3AlzcAAOSws19fyqcU&LH_Auction=1,https://i.ebayimg.com/thumbs/images/g/lzcAAOSws19fyqcU/s-l225.jpg
2018 Flawless Lamar Jackson AUTO Rookie Signatures /25 PSA 10 GEM MINT **POP 1**,2021-01-06,"1,341.00",31,https://www.ebay.com/itm/2018-Flawless-Lamar-Jackson-AUTO-Rookie-Signatures-25-PSA-10-GEM-MINT-POP-1/164624081589?hash=item26545c22b5%3Ag%3AaWEAAOSwAEJf8oEy&LH_Auction=1,https://i.ebayimg.com/thumbs/images/g/aWEAAOSwAEJf8oEy/s-l225.jpg
2018 Panini Prizm Patch Auto Gold Prizm /10 Lamar Jackson Rookie Card BGS 9 psa,2020-12-29,861.00,22,https://www.ebay.com/itm/2018-Panini-Prizm-Patch-Auto-Gold-Prizm-10-Lamar-Jackson-Rookie-Card-BGS-9-psa/124498130500?hash=item1cfcaab644%3Ag%3AwhUAAOSwv4xfxY0a&LH_Auction=1,https://i.ebayimg.com/thumbs/images/g/whUAAOSwv4xfxY0a/s-l225.jpg
2018 National Treasures Josh Allen RPA RC Rookie Patch AUTO /99 PSA 10 GEM MINT,2021-02-11,"24,444.00",45,https://www.ebay.com/itm/2018-National-Treasures-Josh-Allen-RPA-RC-Rookie-Patch-AUTO-99-PSA-10-GEM-MINT/383936817562?hash=item59646ae99a%3Ag%3AyBIAAOSw7sRgHFou&LH_Auction=1,https://i.ebayimg.com/thumbs/images/g/yBIAAOSw7sRgHFou/s-l225.jpg
SAM DARNOLD 2018 Panini Contenders Rookie Ticket Optic Purple Auto PSA 10,2020-12-13,85.00,19,https://www.ebay.com/itm/SAM-DARNOLD-2018-Panini-Contenders-Rookie-Ticket-Optic-Purple-Auto-PSA-10/184569312061?hash=item2af930333d%3Ag%3AhPgAAOSw4Z1fzV7h&LH_Auction=1,https://i.ebayimg.com/thumbs/images/g/hPgAAOSw4Z1fzV7h/s-l225.jpg
Baker Mayfield 2018 Score NFL Draft ROOKIE RC Browns non auto psa 10?,2021-01-31,4.30,1,https://www.ebay.com/itm/Baker-Mayfield-2018-Score-NFL-Draft-ROOKIE-RC-Browns-non-auto-psa-10/333867831886?hash=item4dbc12d24e%3Ag%3AsAAAAOSw7%7E5gBFB5&LH_Auction=1,https://i.ebayimg.com/thumbs/images/g/sAAAAOSw7~5gBFB5/s-l225.jpg
2018 Score #315 Baker Mayfield RC Rookie Browns non auto psa 10?,2021-01-31,6.10,1,https://www.ebay.com/itm/2018-Score-315-Baker-Mayfield-RC-Rookie-Browns-non-auto-psa-10/333867831288?hash=item4dbc12cff8%3Ag%3AZLAAAOSw40tgBE96&LH_Auction=1,https://i.ebayimg.com/thumbs/images/g/ZLAAAOSw40tgBE96/s-l225.jpg
ðŸ”¥ 2018 Leaf Valiant Baker Mayfield Rookie Auto Green 48/60 PSA 10 ðŸ’Ž Pop4 ðŸ”¥ RC,2021-01-29,150.00,1,https://www.ebay.com/itm/2018-Leaf-Valiant-Baker-Mayfield-Rookie-Auto-Green-48-60-PSA-10-Pop4-RC/313391851245?hash=item48f79c26ed%3Ag%3A140AAOSw4iRgAxQE&LH_Auction=1,https://i.ebayimg.com/thumbs/images/g/140AAOSw4iRgAxQE/s-l225.jpg
JOSH ROSEN 2018 PANINI PRIZM ROOKIE SILVER REFRACTOR AUTO PSA 10 GEM,2020-11-22,44.00,8,https://www.ebay.com/itm/JOSH-ROSEN-2018-PANINI-PRIZM-ROOKIE-SILVER-REFRACTOR-AUTO-PSA-10-GEM/284080687303?hash=item42248748c7%3Ag%3AcIYAAOSwLYVfmdiU&LH_Auction=1,https://i.ebayimg.com/thumbs/images/g/cIYAAOSwLYVfmdiU/s-l225.jpg
2018 Panini Donruss Josh Rosen Rated Rookie #302 PSA GEM MT 10 Cardinals,2021-02-10,27.00,3,https://www.ebay.com/itm/2018-Panini-Donruss-Josh-Rosen-Rated-Rookie-302-PSA-GEM-MT-10-Cardinals/274673179361?hash=item3ff3cc1ae1%3Ag%3A2EIAAOSwygBf-5I%7E&LH_Auction=1,https://i.ebayimg.com/thumbs/images/g/2EIAAOSwygBf-5I~/s-l225.jpg
,2020-12-21,"1,425.00",26,https://www.ebay.com/itm/2018-PANINI-DONRUSS-OPTIC-LAMAR-JACKSON-ROOKIE-AUTO-RED-50-PSA-10-GEM/333825117721?hash=item4db9870e19%3Ag%3AzNkAAOSwtllfrcx9&LH_Auction=1,https://i.ebayimg.com/thumbs/images/g/zNkAAOSwtllfrcx9/s-l225.jpg
2018 Prizm Josh Allen Silver Prizm Rookie Auto PSA 10 GEM MINT Bills RC,2021-02-08,"2,214.99",47,https://www.ebay.com/itm/2018-Prizm-Josh-Allen-Silver-Prizm-Rookie-Auto-PSA-10-GEM-MINT-Bills-RC/143935644276?hash=item21833ba274%3Ag%3AcSoAAOSwzdZgGDt2&LH_Auction=1,https://i.ebayimg.com/thumbs/images/g/cSoAAOSwzdZgGDt2/s-l225.jpg
ðŸ”¥2018 Contenders Optic Ticket Purple 10/49 Josh Allen #105 PSA 10 Rookie AutoðŸ”¥,2021-02-08,"3,999.99",1,https://www.ebay.com/itm/2018-Contenders-Optic-Ticket-Purple-10-49-Josh-Allen-105-PSA-10-Rookie-Auto/324472255067?hash=item4b8c0db25b%3Ag%3Ai3QAAOSwPvZgD0zO&LH_Auction=1,https://i.ebayimg.com/thumbs/images/g/i3QAAOSwPvZgD0zO/s-l225.jpg
PSA 10 2018 Panini Contenders Sam Darnold Auto Autograph #103 Variation SP /150,2020-12-06,318.00,13,https://www.ebay.com/itm/PSA-10-2018-Panini-Contenders-Sam-Darnold-Auto-Autograph-103-Variation-SP-150/184559141752?hash=item2af8950378%3Ag%3Ac1YAAOSw-ktfxB3O&LH_Auction=1,https://i.ebayimg.com/thumbs/images/g/c1YAAOSw-ktfxB3O/s-l225.jpg
PSA 10 2018 Panini Contenders Sam Darnold Auto Autograph #103 SP /225 RC Rookie,2020-12-06,240.50,32,https://www.ebay.com/itm/PSA-10-2018-Panini-Contenders-Sam-Darnold-Auto-Autograph-103-SP-225-RC-Rookie/184559142501?hash=item2af8950665%3Ag%3A3WAAAOSwRYZfxB4H&LH_Auction=1,https://i.ebayimg.com/thumbs/images/g/3WAAAOSwRYZfxB4H/s-l225.jpg
2018 Contenders Optic Sam Darnold Rookie Ticket Auto Autograph PSA 10 GEM RC!!,2020-12-06,117.50,19,https://www.ebay.com/itm/2018-Contenders-Optic-Sam-Darnold-Rookie-Ticket-Auto-Autograph-PSA-10-GEM-RC/254793802484?hash=item3b52e4e2f4%3Ag%3ALl4AAOSwaQdfxFB6&LH_Auction=1,https://i.ebayimg.com/thumbs/images/g/Ll4AAOSwaQdfxFB6/s-l225.jpg
2018 Panini Score BAKER MAYFIELD RC Auto GOLD ZONE /50 PSA 10 CLE BROWNS ðŸ”¥ðŸ”¥,2021-01-29,350.00,5,https://www.ebay.com/itm/2018-Panini-Score-BAKER-MAYFIELD-RC-Auto-GOLD-ZONE-50-PSA-10-CLE-BROWNS/313391841373?hash=item48f79c005d%3Ag%3AllsAAOSwC55gA1qw&LH_Auction=1,https://i.ebayimg.com/thumbs/images/g/llsAAOSwC55gA1qw/s-l225.jpg
baker mayfield psa 10 National treasure rookie path auto Â numbered 25/99.Â ,2021-01-26,481.00,16,https://www.ebay.com/itm/baker-mayfield-psa-10-National-treasure-rookie-path-auto-numbered-25-99/203253621338?hash=item2f52dc225a%3Ag%3AfdwAAOSwGmlgB8C4&LH_Auction=1,https://i.ebayimg.com/thumbs/images/g/fdwAAOSwGmlgB8C4/s-l225.jpg
Baker Mayfield 2018 National Treasures RC Auto Patch RPA SP /99 PSA 10 Gem Mint!,2021-01-25,789.00,1,https://www.ebay.com/itm/Baker-Mayfield-2018-National-Treasures-RC-Auto-Patch-RPA-SP-99-PSA-10-Gem-Mint/233864876199?hash=item36736ed0a7%3Ag%3ALHIAAOSw08ddz3Ft&LH_Auction=1,https://i.ebayimg.com/thumbs/images/g/LHIAAOSw08ddz3Ft/s-l225.jpg
2018 Panini Select Josh Rosen Rookie Selections Psa 10,2021-01-09,19.99,1,https://www.ebay.com/itm/2018-Panini-Select-Josh-Rosen-Rookie-Selections-Psa-10/333847116433?hash=item4dbad6ba91%3Ag%3AWioAAOSw0jJf844O&LH_Auction=1,https://i.ebayimg.com/thumbs/images/g/WioAAOSw0jJf844O/s-l225.jpg
Josh Rosen RC Psa 10 Panini Score 2018 UCLA Cardinals,2021-01-19,5.50,6,https://www.ebay.com/itm/Josh-Rosen-RC-Psa-10-Panini-Score-2018-UCLA-Cardinals/265011841609?hash=item3db3efca49%3Ag%3A-EsAAOSwnKBf%7EfRp&LH_Auction=1,https://i.ebayimg.com/thumbs/images/g/-EsAAOSwnKBf~fRp/s-l225.jpg
2018 Immaculate Playerâ€™s Collection Lamar JacksonRookie RPA AUTO /10 PSA 9!!Mint,2020-12-20,885.00,18,https://www.ebay.com/itm/2018-Immaculate-Player-s-Collection-Lamar-JacksonRookie-RPA-AUTO-10-PSA-9-Mint/184579333010?hash=item2af9c91b92%3Ag%3AYXoAAOSwwMJf1qqu&LH_Auction=1,https://i.ebayimg.com/thumbs/images/g/YXoAAOSwwMJf1qqu/s-l225.jpg
2018 National Treasures Lamar Jackson ROOKIE RC PATCH AUTO /99 #165 PSA 10 GEM,2020-12-17,"22,268.00",81,https://www.ebay.com/itm/2018-National-Treasures-Lamar-Jackson-ROOKIE-RC-PATCH-AUTO-99-165-PSA-10-GEM/353310594684?hash=item5242f3d67c%3Ag%3AHWgAAOSw4Z1fztCp&LH_Auction=1,https://i.ebayimg.com/thumbs/images/g/HWgAAOSw4Z1fztCp/s-l225.jpg
2018 Donruss Optic 154 JOSH ALLEN RATED ROOKIE auto SP #â€™D 64/99 PSA 10?,2021-02-08,"2,225.00",29,https://www.ebay.com/itm/2018-Donruss-Optic-154-JOSH-ALLEN-RATED-ROOKIE-auto-SP-D-64-99-PSA-10/333877815954?hash=item4dbcab2a92%3Ag%3APT4AAOSwQn5gGtFy&LH_Auction=1,https://i.ebayimg.com/thumbs/images/g/PT4AAOSwQn5gGtFy/s-l225.jpg
Josh Allen 2018 Contenders Rookie Ticket No Feet SP RC AUTO AUTOGRAPH PSA 10,2021-02-07,"3,357.00",34,https://www.ebay.com/itm/Josh-Allen-2018-Contenders-Rookie-Ticket-No-Feet-SP-RC-AUTO-AUTOGRAPH-PSA-10/154310319263?hash=item23ed9c9c9f%3Ag%3ASt0AAOSwAnZgE2il&LH_Auction=1,https://i.ebayimg.com/thumbs/images/g/St0AAOSwAnZgE2il/s-l225.jpg
2018 Prizm SAM DARNOLD Rookie Auto PSA 10 - JETS ,2020-12-05,241.28,43,https://www.ebay.com/itm/2018-Prizm-SAM-DARNOLD-Rookie-Auto-PSA-10-JETS/124462878185?hash=item1cfa90cde9%3Ag%3A2pYAAOSwaxJfvxSL&LH_Auction=1,https://i.ebayimg.com/thumbs/images/g/2pYAAOSwaxJfvxSL/s-l225.jpg
2018 Prizm Sam Darnold RC NY Jets #203 CAMO Auto Prizm Refractor 10/10 PSA 10,2020-12-01,365.00,18,https://www.ebay.com/itm/2018-Prizm-Sam-Darnold-RC-NY-Jets-203-CAMO-Auto-Prizm-Refractor-10-10-PSA-10/133587347420?hash=item1f1a6d27dc%3Ag%3A-WkAAOSw-rVfs9Wf&LH_Auction=1,https://i.ebayimg.com/thumbs/images/g/-WkAAOSw-rVfs9Wf/s-l225.jpg
Baker Mayfield 2018 National Treasures RC GOLD Auto RPA SSP /10 PSA 10 Gem Mint!,2021-01-25,"1,009.00",2,https://www.ebay.com/itm/Baker-Mayfield-2018-National-Treasures-RC-GOLD-Auto-RPA-SSP-10-PSA-10-Gem-Mint/233864875777?hash=item36736ecf01%3Ag%3AnskAAOSw849dz28a&LH_Auction=1,https://i.ebayimg.com/thumbs/images/g/nskAAOSw849dz28a/s-l225.jpg
SAM DARNOLD JOSH ROSEN JOSH ALLEN 2018 IMMACULATE CARD AUTO RC 16/25 PSA 8 MNT,2021-02-07,305.00,38,https://www.ebay.com/itm/SAM-DARNOLD-JOSH-ROSEN-JOSH-ALLEN-2018-IMMACULATE-CARD-AUTO-RC-16-25-PSA-8-MNT/254851971175?hash=item3b565c7867%3Ag%3ABOMAAOSwvWtgF1h4&LH_Auction=1,https://i.ebayimg.com/thumbs/images/g/BOMAAOSwvWtgF1h4/s-l225.jpg
2018 Donruss The Rookies Josh Rosen ROOKIE RC #R2 PSA 10 GEM MINT,2021-02-06,20.49,6,https://www.ebay.com/itm/2018-Donruss-The-Rookies-Josh-Rosen-ROOKIE-RC-R2-PSA-10-GEM-MINT/143935883282?hash=item21833f4812%3Ag%3ADpAAAOSwInRgGIqu&LH_Auction=1,https://i.ebayimg.com/thumbs/images/g/DpAAAOSwInRgGIqu/s-l225.jpg
2018 National Treasure Josh Rosen Sam Darnold Material Rookie PSA 10 GEM MINT,2021-01-24,41.00,8,https://www.ebay.com/itm/2018-National-Treasure-Josh-Rosen-Sam-Darnold-Material-Rookie-PSA-10-GEM-MINT/143918062036?hash=item21822f59d4%3Ag%3ARyEAAOSwqqBgAH5V&LH_Auction=1,https://i.ebayimg.com/thumbs/images/g/RyEAAOSwqqBgAH5V/s-l225.jpg
2018 Lamar Jackson Score Auto /6 PSA 10 Pop 2,2020-12-12,727.00,65,https://www.ebay.com/itm/2018-Lamar-Jackson-Score-Auto-6-PSA-10-Pop-2/133598201280?hash=item1f1b12c5c0%3Ag%3Af9YAAOSwGIpfuztV&LH_Auction=1,https://i.ebayimg.com/thumbs/images/g/f9YAAOSwGIpfuztV/s-l225.jpg
2018 Panini Prizm Neon Green Pulsar Josh Allen ROOKIE RC AUTO #JA PSA 10 GEM MT,2021-02-06,"2,850.00",37,https://www.ebay.com/itm/2018-Panini-Prizm-Neon-Green-Pulsar-Josh-Allen-ROOKIE-RC-AUTO-JA-PSA-10-GEM-MT/143935885361?hash=item21833f5031%3Ag%3A0NcAAOSw691gGIts&LH_Auction=1,https://i.ebayimg.com/thumbs/images/g/0NcAAOSw691gGIts/s-l225.jpg
2018 PANINI PRIZM JOSH ALLEN NEON GREEN PULSAR ROOKIE RC AUTO PSA 10 GEM MINT ,2021-02-06,"2,827.00",47,https://www.ebay.com/itm/2018-PANINI-PRIZM-JOSH-ALLEN-NEON-GREEN-PULSAR-ROOKIE-RC-AUTO-PSA-10-GEM-MINT/143932587215?hash=item21830cfccf%3Ag%3AI9cAAOSw9RlgFBBm&LH_Auction=1,https://i.ebayimg.com/thumbs/images/g/I9cAAOSw9RlgFBBm/s-l225.jpg
2 psa sam darnold 1 auto 9 16/99 and 1 select 10 both are rookie,2020-12-01,54.03,5,https://www.ebay.com/itm/2-psa-sam-darnold-1-auto-9-16-99-and-1-select-10-both-are-rookie/353296243095?hash=item524218d997%3Ag%3ApdEAAOSw1Ylfwfnb&LH_Auction=1,https://i.ebayimg.com/thumbs/images/g/pdEAAOSw1Ylfwfnb/s-l225.jpg
2018 Panini Rewards Sam Darnold CRACKED ICE Auto Rookie RC PSA 10 Gem Mint Jets,2020-11-30,85.00,17,https://www.ebay.com/itm/2018-Panini-Rewards-Sam-Darnold-CRACKED-ICE-Auto-Rookie-RC-PSA-10-Gem-Mint-Jets/133583307754?hash=item1f1a2f83ea%3Ag%3AdcMAAOSw-lVfrFTJ&LH_Auction=1,https://i.ebayimg.com/thumbs/images/g/dcMAAOSw-lVfrFTJ/s-l225.jpg
2018 Panini Contenders Optic Red Sam Darnold ROOKIE RC AUTO /99 #103 PSA 10 GEM,2020-11-22,211.00,31,https://www.ebay.com/itm/2018-Panini-Contenders-Optic-Red-Sam-Darnold-ROOKIE-RC-AUTO-99-103-PSA-10-GEM/402551726758?hash=item5db9f3e2a6%3Ag%3AtxEAAOSw-Adfrdsk&LH_Auction=1,https://i.ebayimg.com/thumbs/images/g/txEAAOSw-Adfrdsk/s-l225.jpg
2018 PSA 10 BAKER MAYFIELD  Panini Score #351 RC Rookie AUTO GEM MINT,2021-01-24,459.00,1,https://www.ebay.com/itm/2018-PSA-10-BAKER-MAYFIELD-Panini-Score-351-RC-Rookie-AUTO-GEM-MINT/233860140481?hash=item3673268dc1%3Ag%3AxiQAAOSwLzNf7qf-&LH_Auction=1,https://i.ebayimg.com/thumbs/images/g/xiQAAOSwLzNf7qf-/s-l225.jpg
2018 Optic Josh Rosen Psa 10 #152 Graded,2020-12-12,12.00,1,https://www.ebay.com/itm/2018-Optic-Josh-Rosen-Psa-10-152-Graded/224269166211?hash=item34377be683%3Ag%3Ae54AAOSwJfRfzp7T&LH_Auction=1,https://i.ebayimg.com/thumbs/images/g/e54AAOSwJfRfzp7T/s-l225.jpg
2018 Panini Unparalleled JOSH ROSEN RC Jersey Autograph PSA GEM 10 Tampa Bucs,2020-11-29,14.50,10,https://www.ebay.com/itm/2018-Panini-Unparalleled-JOSH-ROSEN-RC-Jersey-Autograph-PSA-GEM-10-Tampa-Bucs/124451907735?hash=item1cf9e96897%3Ag%3AmWYAAOSw8vJfubv3&LH_Auction=1,https://i.ebayimg.com/thumbs/images/g/mWYAAOSw8vJfubv3/s-l225.jpg
2018 Lamar Jackson PSA 10 Panini Contenders Cracked Ice Auto Rookie #/23 POP1,2020-12-12,"1,250.00",3,https://www.ebay.com/itm/2018-Lamar-Jackson-PSA-10-Panini-Contenders-Cracked-Ice-Auto-Rookie-23-POP1/264965434946?hash=item3db12bae42%3Ag%3AM4oAAOSwRk5ftEc%7E&LH_Auction=1,https://i.ebayimg.com/thumbs/images/g/M4oAAOSwRk5ftEc~/s-l225.jpg
Josh Allen 2018 Panini Honors Gold #306 03/25 PSA 10 Auto 8,2021-02-06,583.00,9,https://www.ebay.com/itm/Josh-Allen-2018-Panini-Honors-Gold-306-03-25-PSA-10-Auto-8/313401073111?hash=item48f828ddd7%3Ag%3AxxEAAOSwUbJgFgJq&LH_Auction=1,https://i.ebayimg.com/thumbs/images/g/xxEAAOSwUbJgFgJq/s-l225.jpg
2018 Panini Prizm Silver Rookie Autographs Josh Allen RC Auto PSA 10 GEM MINT,2021-02-05,"2,125.00",64,https://www.ebay.com/itm/2018-Panini-Prizm-Silver-Rookie-Autographs-Josh-Allen-RC-Auto-PSA-10-GEM-MINT/353372268574?hash=item5246a0e81e%3Ag%3AOKwAAOSwcChgDisN&LH_Auction=1,https://i.ebayimg.com/thumbs/images/g/OKwAAOSwcChgDisN/s-l225.jpg
2018 CONTENDERS GEM MINT JOSH ALLEN ROOKIE RC TICKET AUTO! PSA 10!! BILLS!ðŸ”¥ðŸ”¥,2021-02-04,"3,526.00",25,https://www.ebay.com/itm/2018-CONTENDERS-GEM-MINT-JOSH-ALLEN-ROOKIE-RC-TICKET-AUTO-PSA-10-BILLS/154306727316?hash=item23ed65cd94%3Ag%3AIaYAAOSwig9gBIa1&LH_Auction=1,https://i.ebayimg.com/thumbs/images/g/IaYAAOSwig9gBIa1/s-l225.jpg
2018 National Treasures Collegiate Sam Darnold ROOKIE PATCH AUTO /99 #102 PSA 10,2020-11-22,91.00,21,https://www.ebay.com/itm/2018-National-Treasures-Collegiate-Sam-Darnold-ROOKIE-PATCH-AUTO-99-102-PSA-10/353274788409?hash=item5240d17a39%3Ag%3AEK0AAOSwNWhfrdsB&LH_Auction=1,https://i.ebayimg.com/thumbs/images/g/EK0AAOSwNWhfrdsB/s-l225.jpg
2018 Elite Status Red Sam Darnold ROOKIE RC PSA/DNA 10 AUTO /30 PSA 10 GEM MINT,2020-11-22,48.00,25,https://www.ebay.com/itm/2018-Elite-Status-Red-Sam-Darnold-ROOKIE-RC-PSA-DNA-10-AUTO-30-PSA-10-GEM-MINT/402551719827?hash=item5db9f3c793%3Ag%3AcpEAAOSw%7E%7ERfrdrj&LH_Auction=1,https://i.ebayimg.com/thumbs/images/g/cpEAAOSw~~Rfrdrj/s-l225.jpg
BAKER MAYFIELD 2018 PANINI SPECTRA RC GREEN AUTO PATCH SP #/60 PSA 10 GEM MINT,2021-01-23,320.00,25,https://www.ebay.com/itm/BAKER-MAYFIELD-2018-PANINI-SPECTRA-RC-GREEN-AUTO-PATCH-SP-60-PSA-10-GEM-MINT/353356484852?hash=item5245b010f4%3Ag%3AXQ4AAOSwmXJgAyDg&LH_Auction=1,https://i.ebayimg.com/thumbs/images/g/XQ4AAOSwmXJgAyDg/s-l225.jpg
2018 Leaf metal draft Baker Mayfield Auto Rookie Card RC Auto PSA 10 silver POP4,2021-01-22,200.00,1,https://www.ebay.com/itm/2018-Leaf-metal-draft-Baker-Mayfield-Auto-Rookie-Card-RC-Auto-PSA-10-silver-POP4/313390372594?hash=item48f78596f2%3Ag%3ASVAAAOSwibZgAxI0&LH_Auction=1,https://i.ebayimg.com/thumbs/images/g/SVAAAOSwibZgAxI0/s-l225.jpg
2018 Panini National VIP Cracked Ice Josh Rosen ROOKIE RC /50 #20 PSA 10 GEM MT,2021-02-06,29.99,5,https://www.ebay.com/itm/2018-Panini-National-VIP-Cracked-Ice-Josh-Rosen-ROOKIE-RC-50-20-PSA-10-GEM-MT/402672898821?hash=item5dc12cd305%3Ag%3Aw2MAAOSw1zlgGIsm&LH_Auction=1,https://i.ebayimg.com/thumbs/images/g/w2MAAOSw1zlgGIsm/s-l225.jpg
Josh Rosen 2018 Leaf Trinity RC 2/10 Under Armour Logo RPA Auto  ðŸ”¥,2021-02-14,42.00,4,https://www.ebay.com/itm/Josh-Rosen-2018-Leaf-Trinity-RC-2-10-Under-Armour-Logo-RPA-Auto/333884243903?hash=item4dbd0d3fbf%3Ag%3AZiUAAOSw2QlgIsX4&LH_Auction=1,https://i.ebayimg.com/thumbs/images/g/ZiUAAOSw2QlgIsX4/s-l225.jpg
2018 Honors Football Lamar Jackson Auto Psa 10 ðŸ”¥,2020-12-10,402.84,64,https://www.ebay.com/itm/2018-Honors-Football-Lamar-Jackson-Auto-Psa-10/174546988163?hash=item28a3cfac83%3Ag%3AweMAAOSwQJlfy--v&LH_Auction=1,https://i.ebayimg.com/thumbs/images/g/weMAAOSwQJlfy--v/s-l225.jpg
2018 Contenders Rookie Ticket #112 Lamar Jackson RC AUTO Ravens PSA 10 GEM MINT,2020-12-09,"2,606.00",52,https://www.ebay.com/itm/2018-Contenders-Rookie-Ticket-112-Lamar-Jackson-RC-AUTO-Ravens-PSA-10-GEM-MINT/363204902272?hash=item5490b2fd80%3Ag%3AYWsAAOSwPk5fyAtH&LH_Auction=1,https://i.ebayimg.com/thumbs/images/g/YWsAAOSwPk5fyAtH/s-l225.jpg
"2018 Panini Pink Prizm Josh Allen RC Rookie AUTO Bills PSA 10 "" HIGH END """,2021-02-03,"1,444.00",53,https://www.ebay.com/itm/2018-Panini-Pink-Prizm-Josh-Allen-RC-Rookie-AUTO-Bills-PSA-10-HIGH-END/383922212054?hash=item59638c0cd6%3Ag%3A56kAAOSwRUpgEb-x&LH_Auction=1,https://i.ebayimg.com/thumbs/images/g/56kAAOSwRUpgEb-x/s-l225.jpg
Josh Allen 2018 Honors Auto Green 13 /35 Rookie PSA 10??? ðŸ”¥ðŸ“ˆ,2021-02-02,429.00,13,https://www.ebay.com/itm/Josh-Allen-2018-Honors-Auto-Green-13-35-Rookie-PSA-10/174618544260?hash=item28a8138884%3Ag%3AU%7EMAAOSwq3dgFg5r&LH_Auction=1,https://i.ebayimg.com/thumbs/images/g/U~MAAOSwq3dgFg5r/s-l225.jpg
Baker Mayfield 2018 Panini Prizm Premier Jerseys Silver Non Auto RC PSA 10?ðŸ”¥ðŸ”¥,2021-01-22,39.00,2,https://www.ebay.com/itm/Baker-Mayfield-2018-Panini-Prizm-Premier-Jerseys-Silver-Non-Auto-RC-PSA-10/333860731978?hash=item4dbba67c4a%3Ag%3AdIcAAOSw9XhgBHB6&LH_Auction=1,https://i.ebayimg.com/thumbs/images/g/dIcAAOSw9XhgBHB6/s-l225.jpg
2018 Contenders Mayfield Darnold Rookie PSA 10 Round Numbers BGS Non-  Auto,2021-01-17,29.00,19,https://www.ebay.com/itm/2018-Contenders-Mayfield-Darnold-Rookie-PSA-10-Round-Numbers-BGS-Non-Auto/233853347262?hash=item3672bee5be%3Ag%3AskIAAOSwdVBf-ggS&LH_Auction=1,https://i.ebayimg.com/thumbs/images/g/skIAAOSwdVBf-ggS/s-l225.jpg
2018 Panini Immaculate Baker Mayfield RPA Rc Auto #/99 PSA 10 Browns,2021-01-16,861.00,46,https://www.ebay.com/itm/2018-Panini-Immaculate-Baker-Mayfield-RPA-Rc-Auto-99-PSA-10-Browns/164643242471?hash=item26558081e7%3Ag%3ALmQAAOSwFBxf%7E7uI&LH_Auction=1,https://i.ebayimg.com/thumbs/images/g/LmQAAOSwFBxf~7uI/s-l225.jpg
2018 Prizm Josh Rosen RC /99 PSA 10,2020-11-21,11.50,8,https://www.ebay.com/itm/2018-Prizm-Josh-Rosen-RC-99-PSA-10/224234491929?hash=item34356ad019%3Ag%3AxMkAAOSwdytfr%7Eag&LH_Auction=1,https://i.ebayimg.com/thumbs/images/g/xMkAAOSwdytfr~ag/s-l225.jpg
2018 OBSIDIAN LAMAR JACKSON RC AUTO ETCHED REFRACTOR #/35 PSA 9 POP 1/1 $1000,2020-12-05,599.99,1,https://www.ebay.com/itm/2018-OBSIDIAN-LAMAR-JACKSON-RC-AUTO-ETCHED-REFRACTOR-35-PSA-9-POP-1-1-1000/293878197018?hash=item446c816b1a%3Ag%3AFEoAAOSw37tfwsSi&LH_Auction=1,https://i.ebayimg.com/thumbs/images/g/FEoAAOSw37tfwsSi/s-l225.jpg
ERROR *Missing auto* LAMAR JACKSON RC 2018 Illusions Illusionist RookieðŸ’Ž PSA 10,2020-11-29,250.19,44,https://www.ebay.com/itm/ERROR-Missing-auto-LAMAR-JACKSON-RC-2018-Illusions-Illusionist-Rookie-PSA-10/303779020031?hash=item46baa3fcff%3Ag%3ABVkAAOSwXkRfuWpR&LH_Auction=1,https://i.ebayimg.com/thumbs/images/g/BVkAAOSwXkRfuWpR/s-l225.jpg
2018 Panini Select Lamar Jackson White Jumbo RC Jersey Auto /25 PSA 10 RPA POP 1,2020-11-26,"1,059.00",39,https://www.ebay.com/itm/2018-Panini-Select-Lamar-Jackson-White-Jumbo-RC-Jersey-Auto-25-PSA-10-RPA-POP-1/124453711410?hash=item1cfa04ee32%3Ag%3A6aAAAOSwZmpfV-AT&LH_Auction=1,https://i.ebayimg.com/thumbs/images/g/6aAAAOSwZmpfV-AT/s-l225.jpg
2018 Donruss Optic Red #167 Lamar Jackson Rated Rookie PSA 10 GEM AUTO 07/50 RC,2020-11-23,"1,447.68",27,https://www.ebay.com/itm/2018-Donruss-Optic-Red-167-Lamar-Jackson-Rated-Rookie-PSA-10-GEM-AUTO-07-50-RC/133578791034?hash=item1f19ea987a%3Ag%3ASX8AAOSwBGJfs1Hk&LH_Auction=1,https://i.ebayimg.com/thumbs/images/g/SX8AAOSwBGJfs1Hk/s-l225.jpg
2018 Panini Prizm Blue Scope 67/99 Josh Allen Rookie Auto RC PSA 10 GEM MINT,2021-01-31,"2,924.00",59,https://www.ebay.com/itm/2018-Panini-Prizm-Blue-Scope-67-99-Josh-Allen-Rookie-Auto-RC-PSA-10-GEM-MINT/233870372510?hash=item3673c2ae9e%3Ag%3AENgAAOSwqNZgDLSi&LH_Auction=1,https://i.ebayimg.com/thumbs/images/g/ENgAAOSwqNZgDLSi/s-l225.jpg
PSA 10 2018 Leaf Metal Draft JOSH ALLEN Rookie AUTO Football Card BLUE PRIZM RC ,2021-01-31,355.01,24,https://www.ebay.com/itm/PSA-10-2018-Leaf-Metal-Draft-JOSH-ALLEN-Rookie-AUTO-Football-Card-BLUE-PRIZM-RC/313377522736?hash=item48f6c18430%3Ag%3AYOEAAOSwN4Zf5Ung&LH_Auction=1,https://i.ebayimg.com/thumbs/images/g/YOEAAOSwN4Zf5Ung/s-l225.jpg
"2018 Panini Silver Prizm Baker Mayfield RC Rookie AUTO PSA 10 "" PRISTINE """,2021-01-16,930.00,58,https://www.ebay.com/itm/2018-Panini-Silver-Prizm-Baker-Mayfield-RC-Rookie-AUTO-PSA-10-PRISTINE/324450049309?hash=item4b8abadd1d%3Ag%3AsjgAAOSwjqFf%7ERZH&LH_Auction=1,https://i.ebayimg.com/thumbs/images/g/sjgAAOSwjqFf~RZH/s-l225.jpg
PSA 10! 2018 Panini Prizm NFL Baker Mayfield Prizm Silver Auto RC! Dual 10s! ,2021-01-16,979.00,48,https://www.ebay.com/itm/PSA-10-2018-Panini-Prizm-NFL-Baker-Mayfield-Prizm-Silver-Auto-RC-Dual-10s/184616288303?hash=item2afbfd002f%3Ag%3ATXYAAOSw-Dlf-9Zw&LH_Auction=1,https://i.ebayimg.com/thumbs/images/g/TXYAAOSw-Dlf-9Zw/s-l225.jpg
2018 Panini Prizm Introduction Gold Mojo Josh Rosen ROOKIE RC /10 #RI-6 PSA 10,2021-02-06,51.00,15,https://www.ebay.com/itm/2018-Panini-Prizm-Introduction-Gold-Mojo-Josh-Rosen-ROOKIE-RC-10-RI-6-PSA-10/402672906635?hash=item5dc12cf18b%3Ag%3Ao8UAAOSweMxgGIuH&LH_Auction=1,https://i.ebayimg.com/thumbs/images/g/o8UAAOSweMxgGIuH/s-l225.jpg
2018 Select Silver Prizms Josh Rosen ROOKIE RC #62 PSA 10 GEM MINT,2020-11-22,22.50,8,https://www.ebay.com/itm/2018-Select-Silver-Prizms-Josh-Rosen-ROOKIE-RC-62-PSA-10-GEM-MINT/143838778811?hash=item217d7595bb%3Ag%3AubUAAOSwggRfrdxg&LH_Auction=1,https://i.ebayimg.com/thumbs/images/g/ubUAAOSwggRfrdxg/s-l225.jpg
2018 Panini Honors Classics Update Lamar Jackson ROOKIE RC AUTO /49 #304 PSA 10,2020-11-22,530.00,20,https://www.ebay.com/itm/2018-Panini-Honors-Classics-Update-Lamar-Jackson-ROOKIE-RC-AUTO-49-304-PSA-10/143838772296?hash=item217d757c48%3Ag%3AhPQAAOSwoP5frdtg&LH_Auction=1,https://i.ebayimg.com/thumbs/images/g/hPQAAOSwoP5frdtg/s-l225.jpg
1/1 Lamar Jackson 2019 Contenders DP Blocks Refractor Non Auto #10/10 PSA 9 $300,2020-11-18,92.00,4,https://www.ebay.com/itm/1-1-Lamar-Jackson-2019-Contenders-DP-Blocks-Refractor-Non-Auto-10-10-PSA-9-300/293821433825?hash=item44691f47e1%3Ag%3A7NoAAOSwpwBfeOM-&LH_Auction=1,https://i.ebayimg.com/thumbs/images/g/7NoAAOSwpwBfeOM-/s-l225.jpg
2018 Prizm Josh Allen Silver Rookie Auto Autograph PSA 10 GEM MINT Bills T24,2021-01-30,"2,950.00",25,https://www.ebay.com/itm/2018-Prizm-Josh-Allen-Silver-Rookie-Auto-Autograph-PSA-10-GEM-MINT-Bills-T24/373440064557?hash=item56f2c32c2d%3Ag%3AEkEAAOSwfDBgD3EX&LH_Auction=1,https://i.ebayimg.com/thumbs/images/g/EkEAAOSwfDBgD3EX/s-l225.jpg
2018 Flawless Josh Allen Ruby Gem Signature Rookie Auto 2/20 PSA 10 GEM MT POP 1,2021-01-30,"2,385.00",37,https://www.ebay.com/itm/2018-Flawless-Josh-Allen-Ruby-Gem-Signature-Rookie-Auto-2-20-PSA-10-GEM-MT-POP-1/402658041564?hash=item5dc04a1edc%3Ag%3AzeAAAOSw8DZgDLQ2&LH_Auction=1,https://i.ebayimg.com/thumbs/images/g/zeAAAOSw8DZgDLQ2/s-l225.jpg
2018 Leaf metal draft Baker Mayfield Autograph  Rookie Card RC Auto PSA 10 silve,2021-01-16,175.00,1,https://www.ebay.com/itm/2018-Leaf-metal-draft-Baker-Mayfield-Autograph-Rookie-Card-RC-Auto-PSA-10-silve/124523598011?hash=item1cfe2f50bb%3Ag%3AIRsAAOSwULpf95M%7E&LH_Auction=1,https://i.ebayimg.com/thumbs/images/g/IRsAAOSwULpf95M~/s-l225.jpg
2018 Donruss Optic  #153 Baker Mayfield Browns RC Rookie AUTO /125 PSA 10,2021-01-15,584.00,35,https://www.ebay.com/itm/2018-Donruss-Optic-153-Baker-Mayfield-Browns-RC-Rookie-AUTO-125-PSA-10/324448894401?hash=item4b8aa93dc1%3Ag%3AG5UAAOSwS-Ff-zui&LH_Auction=1,https://i.ebayimg.com/thumbs/images/g/G5UAAOSwS-Ff-zui/s-l225.jpg
2018 Panini Honors BAKER MAYFIELD #/49 RC Auto SSP PSA 10 Gem Cleveland Browns,2021-01-14,312.00,33,https://www.ebay.com/itm/2018-Panini-Honors-BAKER-MAYFIELD-49-RC-Auto-SSP-PSA-10-Gem-Cleveland-Browns/124518303582?hash=item1cfdde875e%3Ag%3Am6IAAOSwNV5f94D1&LH_Auction=1,https://i.ebayimg.com/thumbs/images/g/m6IAAOSwNV5f94D1/s-l225.jpg
JOSH ROSEN 2018 DONRUSS OPTIC RATED ROOKIE # 152 SILVER HOLO PRIZM PSA 10 GEM,2020-11-22,20.50,2,https://www.ebay.com/itm/JOSH-ROSEN-2018-DONRUSS-OPTIC-RATED-ROOKIE-152-SILVER-HOLO-PRIZM-PSA-10-GEM/284080687305?hash=item42248748c9%3Ag%3A-xgAAOSwOxtfmdd6&LH_Auction=1,https://i.ebayimg.com/thumbs/images/g/-xgAAOSwOxtfmdd6/s-l225.jpg
PSA 10 2018 Donruss JOSH ROSEN RC 49ers ROOKIE Cardinals # 302 GEM MINT,2021-01-29,16.50,9,https://www.ebay.com/itm/PSA-10-2018-Donruss-JOSH-ROSEN-RC-49ers-ROOKIE-Cardinals-302-GEM-MINT/174607594765?hash=item28a76c750d%3Ag%3AuI0AAOSwi4pgC5Nf&LH_Auction=1,https://i.ebayimg.com/thumbs/images/g/uI0AAOSwi4pgC5Nf/s-l225.jpg
2018 Donruss Optic Lamar Jackson Rc Rated Rookie #167 Ravens PSA 10 Gem Mint,2021-02-14,245.50,25,https://www.ebay.com/itm/2018-Donruss-Optic-Lamar-Jackson-Rc-Rated-Rookie-167-Ravens-PSA-10-Gem-Mint/154322962310?hash=item23ee5d8786%3Ag%3A6qYAAOSwqvFgIGyA&LH_Auction=1,https://i.ebayimg.com/thumbs/images/g/6qYAAOSwqvFgIGyA/s-l225.jpg
2018 Lamar Jackson Panini Donruss #317  PSA 10 GEM MT RC Rookie  Ravens,2021-02-07,92.84,3,https://www.ebay.com/itm/2018-Lamar-Jackson-Panini-Donruss-317-PSA-10-GEM-MT-RC-Rookie-Ravens/154321777383?hash=item23ee4b72e7%3Ag%3AjvwAAOSwrhFgHznU&LH_Auction=1,https://i.ebayimg.com/thumbs/images/g/jvwAAOSwrhFgHznU/s-l225.jpg
 PSA 10 GEM MINT 2018 Panini Donruss LAMAR JACKSON Rookie Card RC #317 RAVENS,2021-02-14,125.00,30,https://www.ebay.com/itm/PSA-10-GEM-MINT-2018-Panini-Donruss-LAMAR-JACKSON-Rookie-Card-RC-317-RAVENS/303877263081?hash=item46c07f0ee9%3Ag%3AgXQAAOSwdcxgIGDB&LH_Auction=1,https://i.ebayimg.com/thumbs/images/g/gXQAAOSwdcxgIGDB/s-l225.jpg
Josh Allen 2018 Honors Auto Green 13 /35 Rookie PSA 10??? ðŸ”¥ðŸ“ˆ,2021-01-30,449.00,10,https://www.ebay.com/itm/Josh-Allen-2018-Honors-Auto-Green-13-35-Rookie-PSA-10/174611282890?hash=item28a7a4bbca%3Ag%3A3JIAAOSwjFJgD0lp&LH_Auction=1,https://i.ebayimg.com/thumbs/images/g/3JIAAOSwjFJgD0lp/s-l225.jpg
2018 Leaf Flash Baker Mayfield Autograph Purple Rookie Card RC Auto 25/25 PSA 10,2021-01-13,359.99,1,https://www.ebay.com/itm/2018-Leaf-Flash-Baker-Mayfield-Autograph-Purple-Rookie-Card-RC-Auto-25-25-PSA-10/203246361638?hash=item2f526d5c26%3Ag%3A6s4AAOSwXfJfyHQu&LH_Auction=1,https://i.ebayimg.com/thumbs/images/g/6s4AAOSwXfJfyHQu/s-l225.jpg
2018 Josh Rosen Panini Select FIELD LEVEL COPPER PRIZM RC 08/75 PSA 10 GEM MT,2020-12-28,76.00,23,https://www.ebay.com/itm/2018-Josh-Rosen-Panini-Select-FIELD-LEVEL-COPPER-PRIZM-RC-08-75-PSA-10-GEM-MT/174572318288?hash=item28a5522e50%3Ag%3Au9sAAOSwZq9f5nxm&LH_Auction=1,https://i.ebayimg.com/thumbs/images/g/u9sAAOSwZq9f5nxm/s-l225.jpg
2018 PANINI CONTENDERS JOSH ROSEN BALL IN RIGHT AUTO ROOKIE PSA 8 ,2020-12-21,16.51,12,https://www.ebay.com/itm/2018-PANINI-CONTENDERS-JOSH-ROSEN-BALL-IN-RIGHT-AUTO-ROOKIE-PSA-8/124487221052?hash=item1cfc043f3c%3Ag%3AeiMAAOSwpfBf1-tW&LH_Auction=1,https://i.ebayimg.com/thumbs/images/g/eiMAAOSwpfBf1-tW/s-l225.jpg
LAMAR JACKSON 2018 Select Concourse ROOKIE RC #70 PSA 10 GEM MINT,2021-02-08,200.00,26,https://www.ebay.com/itm/LAMAR-JACKSON-2018-Select-Concourse-ROOKIE-RC-70-PSA-10-GEM-MINT/284169004524?hash=item4229cae5ec%3Ag%3A14AAAOSwVtFgGB%7Ex&LH_Auction=1,https://i.ebayimg.com/thumbs/images/g/14AAAOSwVtFgGB~x/s-l225.jpg
2018 Panini Prizm #212 Lamar Jackson Baltimore Ravens RC Rookie PSA 10 GEM MINT,2021-02-10,742.43,50,https://www.ebay.com/itm/2018-Panini-Prizm-212-Lamar-Jackson-Baltimore-Ravens-RC-Rookie-PSA-10-GEM-MINT/303874436366?hash=item46c053ed0e%3Ag%3AdbsAAOSw1ARgHaSt&LH_Auction=1,https://i.ebayimg.com/thumbs/images/g/dbsAAOSw1ARgHaSt/s-l225.jpg
Josh Allen 2018 Prizm Pink Auto Rookie PSA 10??? ðŸ”¥ðŸ“ˆ,2021-01-30,805.00,20,https://www.ebay.com/itm/Josh-Allen-2018-Prizm-Pink-Auto-Rookie-PSA-10/174611266631?hash=item28a7a47c47%3Ag%3Aqs0AAOSwzs5gD0Z7&LH_Auction=1,https://i.ebayimg.com/thumbs/images/g/qs0AAOSwzs5gD0Z7/s-l225.jpg
2018 Panini Flawless Baker Mayfield Rookie #'d 2/20 Silver PSA 10 GEM MT AUTO 10,2021-01-08,710.00,23,https://www.ebay.com/itm/2018-Panini-Flawless-Baker-Mayfield-Rookie-d-2-20-Silver-PSA-10-GEM-MT-AUTO-10/233845942543?hash=item36724de90f%3Ag%3AEXwAAOSwglZf8m8k&LH_Auction=1,https://i.ebayimg.com/thumbs/images/g/EXwAAOSwglZf8m8k/s-l225.jpg
"2018 Panini Silver Prizm Baker Mayfield RC Rookie AUTO PSA 10 "" PRISTINE """,2021-01-06,676.00,44,https://www.ebay.com/itm/2018-Panini-Silver-Prizm-Baker-Mayfield-RC-Rookie-AUTO-PSA-10-PRISTINE/383882132710?hash=item5961287ce6%3Ag%3A%7ExEAAOSwZopf7NmV&LH_Auction=1,https://i.ebayimg.com/thumbs/images/g/~xEAAOSwZopf7NmV/s-l225.jpg
2018 Panini Prizm Baker Mayfield Silver Prizm Auto RC PSA 10 GEM MINT,2021-01-04,575.00,30,https://www.ebay.com/itm/2018-Panini-Prizm-Baker-Mayfield-Silver-Prizm-Auto-RC-PSA-10-GEM-MINT/184600138117?hash=item2afb069185%3Ag%3Aix4AAOSw2V5f6pOh&LH_Auction=1,https://i.ebayimg.com/thumbs/images/g/ix4AAOSw2V5f6pOh/s-l225.jpg
JOSH ROSEN 2018 PANINI PRIZM ROOKIE # 205 GREEN CRYSTALS /75 PSA 10 GEM,2020-11-22,28.77,4,https://www.ebay.com/itm/JOSH-ROSEN-2018-PANINI-PRIZM-ROOKIE-205-GREEN-CRYSTALS-75-PSA-10-GEM/284080687306?hash=item42248748ca%3Ag%3AcukAAOSwzHxfmdkD&LH_Auction=1,https://i.ebayimg.com/thumbs/images/g/cukAAOSwzHxfmdkD/s-l225.jpg
2018 Donruss Optic #167 LAMAR JACKSON Rated Rookie RC #167 PSA 10 Gem Mint MVPðŸ”¥,2021-02-10,239.87,7,https://www.ebay.com/itm/2018-Donruss-Optic-167-LAMAR-JACKSON-Rated-Rookie-RC-167-PSA-10-Gem-Mint-MVP/393125196809?hash=item5b88167409%3Ag%3AkccAAOSwjWJgIKjz&LH_Auction=1,https://i.ebayimg.com/thumbs/images/g/kccAAOSwjWJgIKjz/s-l225.jpg
2018-19 Prizm 212 Lamar Jackson RC Rookie Disco Prizm PSA 10 GEM MINT,2021-02-15,795.00,34,https://www.ebay.com/itm/2018-19-Prizm-212-Lamar-Jackson-RC-Rookie-Disco-Prizm-PSA-10-GEM-MINT/383944209468?hash=item5964dbb43c%3Ag%3ApV8AAOSwXxNgIUJb&LH_Auction=1,https://i.ebayimg.com/thumbs/images/g/pV8AAOSwXxNgIUJb/s-l225.jpg
2018 Panini Cracked Ice Josh Allen RC /23 SSP PSA 10 POP 5 (Rookie Ticket Auto),2021-01-29,"6,000.00",68,https://www.ebay.com/itm/2018-Panini-Cracked-Ice-Josh-Allen-RC-23-SSP-PSA-10-POP-5-Rookie-Ticket-Auto/383910146782?hash=item5962d3f2de%3Ag%3A7rEAAOSwvHBgB1Ke&LH_Auction=1,https://i.ebayimg.com/thumbs/images/g/7rEAAOSwvHBgB1Ke/s-l225.jpg
2018 PANINI CLASSICS JOSH ALLEN AUTO SERIALIZED #26/35 !!!  PSA 10 GEM MT !! 1/1,2021-01-28,404.00,29,https://www.ebay.com/itm/2018-PANINI-CLASSICS-JOSH-ALLEN-AUTO-SERIALIZED-26-35-PSA-10-GEM-MT-1-1/265022793312?hash=item3db496e660%3Ag%3AjtQAAOSw8ZFgCiDy&LH_Auction=1,https://i.ebayimg.com/thumbs/images/g/jtQAAOSw8ZFgCiDy/s-l225.jpg
2017 Panini Select Baker Mayfield 2018 Gold XRC Auto PSA 10 09/10 Browns INVEST ,2021-01-03,"1,835.00",25,https://www.ebay.com/itm/2017-Panini-Select-Baker-Mayfield-2018-Gold-XRC-Auto-PSA-10-09-10-Browns-INVEST/184598310843?hash=item2afaeaafbb%3Ag%3AOBoAAOSwhrRf6MMV&LH_Auction=1,https://i.ebayimg.com/thumbs/images/g/OBoAAOSwhrRf6MMV/s-l225.jpg
2018 Donruss Optic Holo #153 Baker Mayfield Browns RC Rookie AUTO /99 PSA 10,2020-12-28,811.03,42,https://www.ebay.com/itm/2018-Donruss-Optic-Holo-153-Baker-Mayfield-Browns-RC-Rookie-AUTO-99-PSA-10/373396982356?hash=item56f031ca54%3Ag%3ABXwAAOSwEUBf3O3n&LH_Auction=1,https://i.ebayimg.com/thumbs/images/g/BXwAAOSwEUBf3O3n/s-l225.jpg
2018 Prizm Josh Rosen Rookie Card RC #206 PSA 10 GEM MINT Cardinals U42,2020-11-28,22.50,11,https://www.ebay.com/itm/2018-Prizm-Josh-Rosen-Rookie-Card-RC-206-PSA-10-GEM-MINT-Cardinals-U42/373362665578?hash=item56ee26286a%3Ag%3AGxgAAOSwfw5fvGeQ&LH_Auction=1,https://i.ebayimg.com/thumbs/images/g/GxgAAOSwfw5fvGeQ/s-l225.jpg
2018 Panini Donruss Lamar Jackson #317 PSA 10,2021-02-09,113.50,20,https://www.ebay.com/itm/2018-Panini-Donruss-Lamar-Jackson-317-PSA-10/383934023904?hash=item59644048e0%3Ag%3A68YAAOSw2mJgDalB&LH_Auction=1,https://i.ebayimg.com/thumbs/images/g/68YAAOSw2mJgDalB/s-l225.jpg
,2021-02-08,173.00,25,https://www.ebay.com/itm/2018-PANINI-UNPARALLELED-LAMAR-JACKSON-ROOKIE-FOCUS-ASTRAL-LJ-PSA-10/124563868497?hash=item1d0095cb51%3Ag%3AZ6oAAOSwXBxgID5Y&LH_Auction=1,https://i.ebayimg.com/thumbs/images/g/Z6oAAOSwXBxgID5Y/s-l225.jpg
2018 Panini Optic Lamar Jackson ROOKIE RC PSA 10! ðŸ”¥ðŸ”¥ðŸ”¥,2021-01-24,220.50,36,https://www.ebay.com/itm/2018-Panini-Optic-Lamar-Jackson-ROOKIE-RC-PSA-10/265020748495?hash=item3db477b2cf%3Ag%3Am2wAAOSwnQhgB6dx&LH_Auction=1,https://i.ebayimg.com/thumbs/images/g/m2wAAOSwnQhgB6dx/s-l225.jpg
2018 PANINI CLASSICS JOSH ALLEN AUTO SERIALIZED #17/35 !!!  PSA 10 GEM MT !! 1/1,2021-01-28,510.00,38,https://www.ebay.com/itm/2018-PANINI-CLASSICS-JOSH-ALLEN-AUTO-SERIALIZED-17-35-PSA-10-GEM-MT-1-1/265022787493?hash=item3db496cfa5%3Ag%3ArdMAAOSw9s5gCh8N&LH_Auction=1,https://i.ebayimg.com/thumbs/images/g/rdMAAOSw9s5gCh8N/s-l225.jpg
2018 Panini Prizm Rookie Autographs Silver Prizm Auto  Josh Allen  PSA 10 #RA-JA,2021-01-26,"2,899.00",65,https://www.ebay.com/itm/2018-Panini-Prizm-Rookie-Autographs-Silver-Prizm-Auto-Josh-Allen-PSA-10-RA-JA/224318548280?hash=item343a6d6938%3Ag%3AQLUAAOSwIlRgA0Y9&LH_Auction=1,https://i.ebayimg.com/thumbs/images/g/QLUAAOSwIlRgA0Y9/s-l225.jpg
2018 Panini Contenders Rookie Ticket Baker Mayfield RC AUTO Variation PSA 10,2020-12-28,921.00,25,https://www.ebay.com/itm/2018-Panini-Contenders-Rookie-Ticket-Baker-Mayfield-RC-AUTO-Variation-PSA-10/373397197521?hash=item56f03512d1%3Ag%3AFdEAAOSwl6Rf3R73&LH_Auction=1,https://i.ebayimg.com/thumbs/images/g/FdEAAOSwl6Rf3R73/s-l225.jpg
2018 Panini Honors BAKER MAYFIELD #/49 RC Auto SSP PSA 10 Gem Cleveland Browns,2020-12-25,250.00,19,https://www.ebay.com/itm/2018-Panini-Honors-BAKER-MAYFIELD-49-RC-Auto-SSP-PSA-10-Gem-Cleveland-Browns/124491236169?hash=item1cfc418349%3Ag%3ALU8AAOSwBSpf28rF&LH_Auction=1,https://i.ebayimg.com/thumbs/images/g/LU8AAOSwBSpf28rF/s-l225.jpg
2018 Panini Classics Josh Rosen Rookie Red Back PSA 10 - #â€™d 231/299 Rare!!,2020-12-06,4.02,5,https://www.ebay.com/itm/2018-Panini-Classics-Josh-Rosen-Rookie-Red-Back-PSA-10-d-231-299-Rare/193772725745?hash=item2d1dc125f1%3Ag%3Afo4AAOSwdpRfxB0p&LH_Auction=1,https://i.ebayimg.com/thumbs/images/g/fo4AAOSwdpRfxB0p/s-l225.jpg
2018 Panini Donruss Lamar Jackson Rookie Card Rc Psa 10? RAVENS,2021-02-14,36.00,16,https://www.ebay.com/itm/2018-Panini-Donruss-Lamar-Jackson-Rookie-Card-Rc-Psa-10-RAVENS/313413528716?hash=item48f8e6ec8c%3Ag%3AI0sAAOSwfcZgIzcb&LH_Auction=1,https://i.ebayimg.com/thumbs/images/g/I0sAAOSwfcZgIzcb/s-l225.jpg
Lamar Jackson 2018 Panini Certified Gold Team Rookie #LAJ PSA 10 Gem Mint,2021-02-09,137.50,23,https://www.ebay.com/itm/Lamar-Jackson-2018-Panini-Certified-Gold-Team-Rookie-LAJ-PSA-10-Gem-Mint/184648203004?hash=item2afde3fafc%3Ag%3A7cEAAOSwZrJgGkt3&LH_Auction=1,https://i.ebayimg.com/thumbs/images/g/7cEAAOSwZrJgGkt3/s-l225.jpg
LAMAR JACKSON - 2018 PANINI PRIZM - #212 - ROOKIE RED WHITE BLUE - PSA 10 - ,2021-02-10,511.00,26,https://www.ebay.com/itm/LAMAR-JACKSON-2018-PANINI-PRIZM-212-ROOKIE-RED-WHITE-BLUE-PSA-10/383946574057?hash=item5964ffc8e9%3Ag%3ANZoAAOSwAyZgFxdE&LH_Auction=1,https://i.ebayimg.com/thumbs/images/g/NZoAAOSwAyZgFxdE/s-l225.jpg
2018 Josh Allen Red Wave Prizm /199 Rookie Auto BGS 9.5 / 10 PSA X-Over?,2021-01-26,"3,000.00",1,https://www.ebay.com/itm/2018-Josh-Allen-Red-Wave-Prizm-199-Rookie-Auto-BGS-9-5-10-PSA-X-Over/174602765159?hash=item28a722c367%3Ag%3AlEEAAOSw-e5f%7Eaun&LH_Auction=1,https://i.ebayimg.com/thumbs/images/g/lEEAAOSw-e5f~aun/s-l225.jpg
2018 Panini Score #351 Baker Mayfield RC Rookie AUTO PSA 10 GEM MINT,2020-12-22,230.00,48,https://www.ebay.com/itm/2018-Panini-Score-351-Baker-Mayfield-RC-Rookie-AUTO-PSA-10-GEM-MINT/383859747425?hash=item595fd2ea61%3Ag%3AfskAAOSwvvdfsBtT&LH_Auction=1,https://i.ebayimg.com/thumbs/images/g/fskAAOSwvvdfsBtT/s-l225.jpg
2018 Panini Prizm Baker Mayfield RC Rookie Silver Prizm Auto BGS 9.5 = PSA 10ðŸ”¥ ,2020-12-20,849.99,2,https://www.ebay.com/itm/2018-Panini-Prizm-Baker-Mayfield-RC-Rookie-Silver-Prizm-Auto-BGS-9-5-PSA-10/233819706125?hash=item3670bd930d%3Ag%3AmNMAAOSwMSRfVQYo&LH_Auction=1,https://i.ebayimg.com/thumbs/images/g/mNMAAOSwMSRfVQYo/s-l225.jpg
2018 Contenders Optic Baker Mayfield Rookie Ticket Auto Autograph PSA 10 GEM D17,2020-12-20,666.00,41,https://www.ebay.com/itm/2018-Contenders-Optic-Baker-Mayfield-Rookie-Ticket-Auto-Autograph-PSA-10-GEM-D17/373393132401?hash=item56eff70b71%3Ag%3A%7EmkAAOSwWZlf2WC4&LH_Auction=1,https://i.ebayimg.com/thumbs/images/g/~mkAAOSwWZlf2WC4/s-l225.jpg
2018 Flawless Baker Mayfield #118 #'d 9/15 Rookie Sapphire PSA 10 GEM MT AUTO 10,2020-12-20,580.00,40,https://www.ebay.com/itm/2018-Flawless-Baker-Mayfield-118-d-9-15-Rookie-Sapphire-PSA-10-GEM-MT-AUTO-10/143876671049?hash=item217fb7c649%3Ag%3A92kAAOSwCKxfzmLj&LH_Auction=1,https://i.ebayimg.com/thumbs/images/g/92kAAOSwCKxfzmLj/s-l225.jpg
2018 Panini Prizm Josh Rosen Rookie Green Prizm #206 PSA 10,2020-12-09,23.50,4,https://www.ebay.com/itm/2018-Panini-Prizm-Josh-Rosen-Rookie-Green-Prizm-206-PSA-10/383839886298?hash=item595ea3dbda%3Ag%3AKDYAAOSw0PtfyFYH&LH_Auction=1,https://i.ebayimg.com/thumbs/images/g/KDYAAOSw0PtfyFYH/s-l225.jpg
Josh Rosen 2018 Panini Elite DP Col. White Jersey RC Card #102 PSA 10 GEM Bruins,2020-12-13,9.50,11,https://www.ebay.com/itm/Josh-Rosen-2018-Panini-Elite-DP-Col-White-Jersey-RC-Card-102-PSA-10-GEM-Bruins/313332892171?hash=item48f418820b%3Ag%3AYNwAAOSwTtZfgz3a&LH_Auction=1,https://i.ebayimg.com/thumbs/images/g/YNwAAOSwTtZfgz3a/s-l225.jpg
2018 Donruss Optic Downtown Lamar Jackson ROOKIE RC #16 PSA 10 GEM MINT,2021-01-25,675.00,55,https://www.ebay.com/itm/2018-Donruss-Optic-Downtown-Lamar-Jackson-ROOKIE-RC-16-PSA-10-GEM-MINT/143919330483?hash=item218242b4b3%3Ag%3Aw-0AAOSw4RJgAkRW&LH_Auction=1,https://i.ebayimg.com/thumbs/images/g/w-0AAOSw4RJgAkRW/s-l225.jpg
2018 National Treasures Stars & Stripes Josh Allen ROOKIE PATCH AUTO /15 PSA 10,2021-01-25,"41,811.00",39,https://www.ebay.com/itm/2018-National-Treasures-Stars-Stripes-Josh-Allen-ROOKIE-PATCH-AUTO-15-PSA-10/353355260351?hash=item52459d61bf%3Ag%3ASbEAAOSwm2ZgAkRt&LH_Auction=1,https://i.ebayimg.com/thumbs/images/g/SbEAAOSwm2ZgAkRt/s-l225.jpg
2018 JOSH ALLEN LEAF VALIANT PURPLE AUTO 4/15 !!!! PSA 10 !! GEM MT !!,2021-01-25,270.00,30,https://www.ebay.com/itm/2018-JOSH-ALLEN-LEAF-VALIANT-PURPLE-AUTO-4-15-PSA-10-GEM-MT/265019450527?hash=item3db463e49f%3Ag%3ANw4AAOSwKy1gBjpX&LH_Auction=1,https://i.ebayimg.com/thumbs/images/g/Nw4AAOSwKy1gBjpX/s-l225.jpg
2018 Panini Contenders Feet Visable SP #105 Josh Allen Auto RC Gem Mint PSA 10,2021-01-24,"3,700.00",39,https://www.ebay.com/itm/2018-Panini-Contenders-Feet-Visable-SP-105-Josh-Allen-Auto-RC-Gem-Mint-PSA-10/203251415263?hash=item2f52ba78df%3Ag%3AtEMAAOSw7TNf8AFE&LH_Auction=1,https://i.ebayimg.com/thumbs/images/g/tEMAAOSw7TNf8AFE/s-l225.jpg
2018 National Treasures Baker Mayfield # 11/25 Rookie Gold PSA 10 GEM MT AUTO 10,2020-12-20,745.00,26,https://www.ebay.com/itm/2018-National-Treasures-Baker-Mayfield-11-25-Rookie-Gold-PSA-10-GEM-MT-AUTO-10/154232050174?hash=item23e8f251fe%3Ag%3A134AAOSwMFhfzmAE&LH_Auction=1,https://i.ebayimg.com/thumbs/images/g/134AAOSwMFhfzmAE/s-l225.jpg
2018 Panini Flawless Baker Mayfield #13/15 Rookie Sapphire PSA 10 GEM MT AUTO 10,2020-12-19,818.99,40,https://www.ebay.com/itm/2018-Panini-Flawless-Baker-Mayfield-13-15-Rookie-Sapphire-PSA-10-GEM-MT-AUTO-10/154232062653?hash=item23e8f282bd%3Ag%3Ae-QAAOSwf8NfzmKc&LH_Auction=1,https://i.ebayimg.com/thumbs/images/g/e-QAAOSwf8NfzmKc/s-l225.jpg
JOSH ROSEN 2018 PANINI SELECT ROOKIE # 138 PREMIER LEVEL PSA 10 GEM BUCCANEERS,2020-11-22,19.99,1,https://www.ebay.com/itm/JOSH-ROSEN-2018-PANINI-SELECT-ROOKIE-138-PREMIER-LEVEL-PSA-10-GEM-BUCCANEERS/274575386131?hash=item3fedf7e613%3Ag%3A7WcAAOSw7MZfmdcO&LH_Auction=1,https://i.ebayimg.com/thumbs/images/g/7WcAAOSw7MZfmdcO/s-l225.jpg
2018 Panini Impeccable Josh Rosen Rookie Helmet Patch Auto 32/75 Bucs PSA 9!  ,2020-12-06,23.50,13,https://www.ebay.com/itm/2018-Panini-Impeccable-Josh-Rosen-Rookie-Helmet-Patch-Auto-32-75-Bucs-PSA-9/174538661392?hash=item28a3509e10%3Ag%3ARlcAAOSww-tfw8Fo&LH_Auction=1,https://i.ebayimg.com/thumbs/images/g/RlcAAOSww-tfw8Fo/s-l225.jpg
2018 Lamar Jackson PSA 10 Rated Rookie Donruss Card #317 RC PSA GEM MINT 10,2021-02-15,132.50,28,https://www.ebay.com/itm/2018-Lamar-Jackson-PSA-10-Rated-Rookie-Donruss-Card-317-RC-PSA-GEM-MINT-10/233889419116?hash=item3674e54f6c%3Ag%3AI%7EYAAOSwjzpgFA6e&LH_Auction=1,https://i.ebayimg.com/thumbs/images/g/I~YAAOSwjzpgFA6e/s-l225.jpg
2018 Panini Contenders Optic Lamar Jackson ROOKIE RC AUTO #112 PSA 8 NM-MT,2021-02-06,393.88,25,https://www.ebay.com/itm/2018-Panini-Contenders-Optic-Lamar-Jackson-ROOKIE-RC-AUTO-112-PSA-8-NM-MT/353373781693?hash=item5246b7febd%3Ag%3AqAMAAOSwW5BgGIsC&LH_Auction=1,https://i.ebayimg.com/thumbs/images/g/qAMAAOSwW5BgGIsC/s-l225.jpg
2018 Select Field Level Copper Prizms Lamar Jackson ROOKIE RC /75 PSA 10 GEM MT,2021-02-06,"1,681.00",36,https://www.ebay.com/itm/2018-Select-Field-Level-Copper-Prizms-Lamar-Jackson-ROOKIE-RC-75-PSA-10-GEM-MT/353373782920?hash=item5246b80388%3Ag%3A13oAAOSwG7xgGIu2&LH_Auction=1,https://i.ebayimg.com/thumbs/images/g/13oAAOSwG7xgGIu2/s-l225.jpg
2018 Panini Contenders No Feet Visible Josh Allen Auto RC Rookie Gem Mint PSA 10,2021-01-24,"4,106.00",27,https://www.ebay.com/itm/2018-Panini-Contenders-No-Feet-Visible-Josh-Allen-Auto-RC-Rookie-Gem-Mint-PSA-10/333861263122?hash=item4dbbae9712%3Ag%3Aay4AAOSwFVVgBQ%7El&LH_Auction=1,https://i.ebayimg.com/thumbs/images/g/ay4AAOSwFVVgBQ~l/s-l225.jpg
2018 National Treasures Baker Mayfield Rookie #'d 42/99 PSA 10 GEM MINT AUTO 10,2020-12-19,450.00,26,https://www.ebay.com/itm/2018-National-Treasures-Baker-Mayfield-Rookie-d-42-99-PSA-10-GEM-MINT-AUTO-10/154232047010?hash=item23e8f245a2%3Ag%3AUmIAAOSwVIZfzl9H&LH_Auction=1,https://i.ebayimg.com/thumbs/images/g/UmIAAOSwVIZfzl9H/s-l225.jpg
2018 Panini Flawless Baker Mayfield Rookie #'d 2/20 Silver PSA 10 GEM MT AUTO 10,2020-12-19,"1,000.00",51,https://www.ebay.com/itm/2018-Panini-Flawless-Baker-Mayfield-Rookie-d-2-20-Silver-PSA-10-GEM-MT-AUTO-10/143876662227?hash=item217fb7a3d3%3Ag%3AzAQAAOSwh-RfzmD%7E&LH_Auction=1,https://i.ebayimg.com/thumbs/images/g/zAQAAOSwh-RfzmD~/s-l225.jpg
Lot of 4 PSA 10 2018 Donruss JOSH ROSEN RC 49ers ROOKIE Cardinals # 302,2021-01-11,53.00,7,https://www.ebay.com/itm/Lot-of-4-PSA-10-2018-Donruss-JOSH-ROSEN-RC-49ers-ROOKIE-Cardinals-302/284140000459?hash=item42281054cb%3Ag%3A1YAAAOSwEdZf9nXL&LH_Auction=1,https://i.ebayimg.com/thumbs/images/g/1YAAAOSwEdZf9nXL/s-l225.jpg
2018 Panini Donruss Lamar Jackson #317 PSA 10,2021-02-03,147.50,15,https://www.ebay.com/itm/2018-Panini-Donruss-Lamar-Jackson-317-PSA-10/293977086180?hash=item44726658e4%3Ag%3AYeUAAOSw3rpgEaHI&LH_Auction=1,https://i.ebayimg.com/thumbs/images/g/YeUAAOSw3rpgEaHI/s-l225.jpg
2018 Panini Prizm Lamar Jackson Rookie PSA 10 ,2021-01-10,931.00,24,https://www.ebay.com/itm/2018-Panini-Prizm-Lamar-Jackson-Rookie-PSA-10/224303315451?hash=item343984f9fb%3Ag%3AFkkAAOSwbVVf8dkg&LH_Auction=1,https://i.ebayimg.com/thumbs/images/g/FkkAAOSwbVVf8dkg/s-l225.jpg
2018 Panini Prizm Stained Glass Lamar Jackson ROOKIE RC #SG-10 PSA 10 GEM MINT,2021-01-31,"1,131.00",31,https://www.ebay.com/itm/2018-Panini-Prizm-Stained-Glass-Lamar-Jackson-ROOKIE-RC-SG-10-PSA-10-GEM-MINT/402654583893?hash=item5dc0155c55%3Ag%3AzZkAAOSw%7Eb5gCeMe&LH_Auction=1,https://i.ebayimg.com/thumbs/images/g/zZkAAOSw~b5gCeMe/s-l225.jpg
ðŸ”¥2018 Josh Allen Rookie Encased Sapphire Auto 05/10ðŸ”¥ðŸ”¥ PSA 9 Mint.,2021-01-24,"1,025.00",30,https://www.ebay.com/itm/2018-Josh-Allen-Rookie-Encased-Sapphire-Auto-05-10-PSA-9-Mint/402649597829?hash=item5dbfc94785%3Ag%3AyfYAAOSwvclgBMUn&LH_Auction=1,https://i.ebayimg.com/thumbs/images/g/yfYAAOSwvclgBMUn/s-l225.jpg
2018 Panini Contenders Josh Allen No Feet Auto #105 Rookie Gem Mint PSA 10,2021-01-24,"5,500.00",55,https://www.ebay.com/itm/2018-Panini-Contenders-Josh-Allen-No-Feet-Auto-105-Rookie-Gem-Mint-PSA-10/254838990868?hash=item3b55966814%3Ag%3AZYYAAOSwPcdgBxg0&LH_Auction=1,https://i.ebayimg.com/thumbs/images/g/ZYYAAOSwPcdgBxg0/s-l225.jpg
2018 Flawless Baker Mayfield #d 18/20 Rookie Gloves Silver PSA 10 GEM MT AUTO 10,2020-12-18,676.00,44,https://www.ebay.com/itm/2018-Flawless-Baker-Mayfield-d-18-20-Rookie-Gloves-Silver-PSA-10-GEM-MT-AUTO-10/143876667651?hash=item217fb7b903%3Ag%3Af6IAAOSwIqlfzmHU&LH_Auction=1,https://i.ebayimg.com/thumbs/images/g/f6IAAOSwIqlfzmHU/s-l225.jpg
2018 Panini Flawless Baker Mayfield #BM Rookie Patch Auto PSA 10 GEM MT AUTO 10,2020-12-18,"1,136.00",46,https://www.ebay.com/itm/2018-Panini-Flawless-Baker-Mayfield-BM-Rookie-Patch-Auto-PSA-10-GEM-MT-AUTO-10/143876660554?hash=item217fb79d4a%3Ag%3A3VMAAOSwlB1fzmBY&LH_Auction=1,https://i.ebayimg.com/thumbs/images/g/3VMAAOSwlB1fzmBY/s-l225.jpg
2018 Panini Flawless Baker Mayfield ROOKIE RC PATCH AUTO 1/25 PSA 10 GEM MINT,2020-12-17,966.56,60,https://www.ebay.com/itm/2018-Panini-Flawless-Baker-Mayfield-ROOKIE-RC-PATCH-AUTO-1-25-PSA-10-GEM-MINT/353310576827?hash=item5242f390bb%3Ag%3ASiMAAOSwnclfzsu2&LH_Auction=1,https://i.ebayimg.com/thumbs/images/g/SiMAAOSwnclfzsu2/s-l225.jpg
2018 Panini Contenders Baker Mayfield ROOKIE RC AUTO #101 PSA 10 GEM MINT,2020-12-17,797.00,32,https://www.ebay.com/itm/2018-Panini-Contenders-Baker-Mayfield-ROOKIE-RC-AUTO-101-PSA-10-GEM-MINT/353310576447?hash=item5242f38f3f%3Ag%3A4scAAOSwVFhfzsuO&LH_Auction=1,https://i.ebayimg.com/thumbs/images/g/4scAAOSwVFhfzsuO/s-l225.jpg
2018 Panini Donruss #ESR17 Lamar Jackson PSA 10 GEM MINT Elite Series RC Rookie,2021-02-14,108.50,12,https://www.ebay.com/itm/2018-Panini-Donruss-ESR17-Lamar-Jackson-PSA-10-GEM-MINT-Elite-Series-RC-Rookie/254862179047?hash=item3b56f83ae7%3Ag%3Ay2cAAOSwUylgIxY7&LH_Auction=1,https://i.ebayimg.com/thumbs/images/g/y2cAAOSwUylgIxY7/s-l225.jpg
(4) 2018 Optic Lamar Jackson #167 PSA 10 GEM MT LOT Rookie RC Baltimore Ravens,2021-02-04,780.00,36,https://www.ebay.com/itm/4-2018-Optic-Lamar-Jackson-167-PSA-10-GEM-MT-LOT-Rookie-RC-Baltimore-Ravens/164673802414?hash=item265752d0ae%3Ag%3AyecAAOSwILpf973G&LH_Auction=1,https://i.ebayimg.com/thumbs/images/g/yecAAOSwILpf973G/s-l225.jpg
2018 Panini Prizm Josh Allen ROOKIE RC AUTO #JA PSA 10 GEM MINT,2021-01-23,"3,272.00",111,https://www.ebay.com/itm/2018-Panini-Prizm-Josh-Allen-ROOKIE-RC-AUTO-JA-PSA-10-GEM-MINT/324456781199?hash=item4b8b21958f%3Ag%3A76YAAOSwID9f-zds&LH_Auction=1,https://i.ebayimg.com/thumbs/images/g/76YAAOSwID9f-zds/s-l225.jpg
Josh Allen 2018 Absolute Memorabilia Auto RPA Patch Rookie RC NOT A PSA 10ðŸ”¥ðŸ”¥ðŸ”¥,2021-01-23,285.00,37,https://www.ebay.com/itm/Josh-Allen-2018-Absolute-Memorabilia-Auto-RPA-Patch-Rookie-RC-NOT-A-PSA-10/284152630089?hash=item4228d10b49%3Ag%3AURsAAOSw3kBgBbCd&LH_Auction=1,https://i.ebayimg.com/thumbs/images/g/URsAAOSw3kBgBbCd/s-l225.jpg
2018 Panini Contenders Josh Allen No Feet Auto #105 Rookie Gem Mint PSA 10,2021-01-23,"4,950.00",58,https://www.ebay.com/itm/2018-Panini-Contenders-Josh-Allen-No-Feet-Auto-105-Rookie-Gem-Mint-PSA-10/254838395386?hash=item3b558d51fa%3Ag%3Ae%7EoAAOSwAFNgBhxL&LH_Auction=1,https://i.ebayimg.com/thumbs/images/g/e~oAAOSwAFNgBhxL/s-l225.jpg
2018 Panini Contenders Both Hands Baker Mayfield ROOKIE RC AUTO #101 PSA 10 GEM,2020-12-17,815.00,40,https://www.ebay.com/itm/2018-Panini-Contenders-Both-Hands-Baker-Mayfield-ROOKIE-RC-AUTO-101-PSA-10-GEM/353310576445?hash=item5242f38f3d%3Ag%3APdAAAOSw7GVfzsuO&LH_Auction=1,https://i.ebayimg.com/thumbs/images/g/PdAAAOSw7GVfzsuO/s-l225.jpg
2018 Panini Select Lamar Jackson Silver Prizm ROOKIE RC PSA 10! ðŸ”¥ðŸ”¥ðŸ”¥,2021-01-16,580.00,34,https://www.ebay.com/itm/2018-Panini-Select-Lamar-Jackson-Silver-Prizm-ROOKIE-RC-PSA-10/265010726462?hash=item3db3dec63e%3Ag%3A0tQAAOSwCdhf%7ENpP&LH_Auction=1,https://i.ebayimg.com/thumbs/images/g/0tQAAOSwCdhf~NpP/s-l225.jpg
2018 Panini Prizm Josh Allen ROOKIE RC AUTO #JA PSA 10 GEM MINT,2021-01-23,"3,550.00",36,https://www.ebay.com/itm/2018-Panini-Prizm-Josh-Allen-ROOKIE-RC-AUTO-JA-PSA-10-GEM-MINT/143921880072?hash=item2182699c08%3Ag%3A2iYAAOSwIvRgA2m8&LH_Auction=1,https://i.ebayimg.com/thumbs/images/g/2iYAAOSwIvRgA2m8/s-l225.jpg
2018 PANINI PRIZM JOSH ALLEN NEON GREEN PULSAR ROOKIE RC AUTO PSA 10 GEM MINT ,2021-01-22,"2,650.00",51,https://www.ebay.com/itm/2018-PANINI-PRIZM-JOSH-ALLEN-NEON-GREEN-PULSAR-ROOKIE-RC-AUTO-PSA-10-GEM-MINT/143923007329?hash=item21827acf61%3Ag%3A9SEAAOSwNFpgB44v&LH_Auction=1,https://i.ebayimg.com/thumbs/images/g/9SEAAOSwNFpgB44v/s-l225.jpg
Josh Allen 2018 Obsidian Rookie 12/100 Bills non auto RC PSA 10?ðŸ”¥,2021-01-22,330.00,26,https://www.ebay.com/itm/Josh-Allen-2018-Obsidian-Rookie-12-100-Bills-non-auto-RC-PSA-10/333860729860?hash=item4dbba67404%3Ag%3ASE8AAOSwdLlgBG-b&LH_Auction=1,https://i.ebayimg.com/thumbs/images/g/SE8AAOSwdLlgBG-b/s-l225.jpg
"2018 Panini Silver Prizm Baker Mayfield RC Rookie AUTO PSA 10 "" FLAWLESS """,2020-12-15,805.00,48,https://www.ebay.com/itm/2018-Panini-Silver-Prizm-Baker-Mayfield-RC-Rookie-AUTO-PSA-10-FLAWLESS/383849063304?hash=item595f2fe388%3Ag%3AE-MAAOSwuklfz%7E6w&LH_Auction=1,https://i.ebayimg.com/thumbs/images/g/E-MAAOSwuklfz~6w/s-l225.jpg
2018 Panini Prizm LAMAR JACKSON Hyper Prizm Rookie PSA10 Mint,2021-02-02,661.00,11,https://www.ebay.com/itm/2018-Panini-Prizm-LAMAR-JACKSON-Hyper-Prizm-Rookie-PSA10-Mint/284161939537?hash=item42295f1851%3Ag%3Ai0YAAOSwqPhgBykQ&LH_Auction=1,https://i.ebayimg.com/thumbs/images/g/i0YAAOSwqPhgBykQ/s-l225.jpg
2018 Panini Donruss Lamar Jackson #317 PSA 10,2021-01-25,97.26,17,https://www.ebay.com/itm/2018-Panini-Donruss-Lamar-Jackson-317-PSA-10/383908575979?hash=item5962bbfaeb%3Ag%3AjdcAAOSwjVRgBdh9&LH_Auction=1,https://i.ebayimg.com/thumbs/images/g/jdcAAOSwjVRgBdh9/s-l225.jpg
2018 Donruss Optic Red Lamar Jackson ROOKIE RC /99 #167 PSA 10 GEM MINT,2021-02-06,810.00,30,https://www.ebay.com/itm/2018-Donruss-Optic-Red-Lamar-Jackson-ROOKIE-RC-99-167-PSA-10-GEM-MINT/402672897488?hash=item5dc12ccdd0%3Ag%3AR%7EwAAOSwpzJgGIqh&LH_Auction=1,https://i.ebayimg.com/thumbs/images/g/R~wAAOSwpzJgGIqh/s-l225.jpg
2018 Prizm JOSH ALLEN Neon Green Pulsar Prizm Rookie Auto PSA 10 Autograph RC ðŸ”¥,2021-01-21,"3,250.00",6,https://www.ebay.com/itm/2018-Prizm-JOSH-ALLEN-Neon-Green-Pulsar-Prizm-Rookie-Auto-PSA-10-Autograph-RC/174599030075?hash=item28a6e9c53b%3Ag%3AtCoAAOSw%7EjBf-ONT&LH_Auction=1,https://i.ebayimg.com/thumbs/images/g/tCoAAOSw~jBf-ONT/s-l225.jpg
2018 Panini Contenders No Feet #105 Josh Allen Auto RC Rookie Gem Mint PSA 10,2021-01-20,"4,950.00",33,https://www.ebay.com/itm/2018-Panini-Contenders-No-Feet-105-Josh-Allen-Auto-RC-Rookie-Gem-Mint-PSA-10/373427723552?hash=item56f206dd20%3Ag%3AHEMAAOSwUrJf%7E8C%7E&LH_Auction=1,https://i.ebayimg.com/thumbs/images/g/HEMAAOSwUrJf~8C~/s-l225.jpg
2018 Panini Elite Pen Pals Baker Mayfield Blue Ink RC Auto PSA 10 Gem Mint,2020-12-13,134.99,1,https://www.ebay.com/itm/2018-Panini-Elite-Pen-Pals-Baker-Mayfield-Blue-Ink-RC-Auto-PSA-10-Gem-Mint/224277976530?hash=item34380255d2%3Ag%3ApOkAAOSwIlhf1t6u&LH_Auction=1,https://i.ebayimg.com/thumbs/images/g/pOkAAOSwIlhf1t6u/s-l225.jpg
2018 CONTENDERS DP BAKER MAYFIELD AUTOGRAPH GAME SSP ROOKIE AUTO PSA 10 GEM MINT,2020-12-13,230.50,48,https://www.ebay.com/itm/2018-CONTENDERS-DP-BAKER-MAYFIELD-AUTOGRAPH-GAME-SSP-ROOKIE-AUTO-PSA-10-GEM-MINT/233811640749?hash=item36704281ad%3Ag%3A%7EgkAAOSwmQdfzY1b&LH_Auction=1,https://i.ebayimg.com/thumbs/images/g/~gkAAOSwmQdfzY1b/s-l225.jpg
2018 baker mayfield Panini Illusions Blue /149 Sp Rookie Non Auto Psa 10 Gem ,2020-12-13,46.00,6,https://www.ebay.com/itm/2018-baker-mayfield-Panini-Illusions-Blue-149-Sp-Rookie-Non-Auto-Psa-10-Gem/154235005592?hash=item23e91f6a98%3Ag%3AWlMAAOSwi9Vf0CVh&LH_Auction=1,https://i.ebayimg.com/thumbs/images/g/WlMAAOSwi9Vf0CVh/s-l225.jpg
2018 Select Field Level Silver Prizms Lamar Jackson ROOKIE RC #205 PSA 10 GEM MT,2021-01-25,"1,147.00",44,https://www.ebay.com/itm/2018-Select-Field-Level-Silver-Prizms-Lamar-Jackson-ROOKIE-RC-205-PSA-10-GEM-MT/143919383223?hash=item21824382b7%3Ag%3ADkMAAOSwIcxgAlTv&LH_Auction=1,https://i.ebayimg.com/thumbs/images/g/DkMAAOSwIcxgAlTv/s-l225.jpg
2018 Panini Classics Optichrome Premium #209 Lamar Jackson RC ROOKIE PSA 10 GEM,2021-02-11,111.38,24,https://www.ebay.com/itm/2018-Panini-Classics-Optichrome-Premium-209-Lamar-Jackson-RC-ROOKIE-PSA-10-GEM/224339793756?hash=item343bb1975c%3Ag%3ArjwAAOSw2qBgHFss&LH_Auction=1,https://i.ebayimg.com/thumbs/images/g/rjwAAOSw2qBgHFss/s-l225.jpg
2018 Donruss Optic Josh Allen Elite Series Purple Stars RC Auto #/50 PSA 10 P20,2021-01-20,"1,380.00",67,https://www.ebay.com/itm/2018-Donruss-Optic-Josh-Allen-Elite-Series-Purple-Stars-RC-Auto-50-PSA-10-P20/124530098400?hash=item1cfe9280e0%3Ag%3ACFYAAOSwrHFgAjqk&LH_Auction=1,https://i.ebayimg.com/thumbs/images/g/CFYAAOSwrHFgAjqk/s-l225.jpg
,2021-01-20,"14,000.00",1,https://www.ebay.com/itm/Josh-Allen-2018-Prizm-Camo-Auto-PSA-10-25/164649839378?hash=item2655e52b12%3Ag%3AjM4AAOSwEK9f-STS&LH_Auction=1,https://i.ebayimg.com/thumbs/images/g/jM4AAOSwEK9f-STS/s-l225.jpg
,2021-01-19,"13,789.00",94,https://www.ebay.com/itm/2018-JOSH-ALLEN-PANINI-ENCASED-DIAMOND-SCRIPTED-BILLS-1-1-PSA-9-MINT-W-10-AUTO/265017077531?hash=item3db43faf1b%3Ag%3AeqUAAOSwPslf9QQb&LH_Auction=1,https://i.ebayimg.com/thumbs/images/g/eqUAAOSwPslf9QQb/s-l225.jpg
2018 baker mayfield Panini Illusions Rookie Red /99 Sp Psa 10 Gem non auto,2020-12-13,48.86,2,https://www.ebay.com/itm/2018-baker-mayfield-Panini-Illusions-Rookie-Red-99-Sp-Psa-10-Gem-non-auto/154235003159?hash=item23e91f6117%3Ag%3AfzQAAOSwOxtf0CSE&LH_Auction=1,https://i.ebayimg.com/thumbs/images/g/fzQAAOSwOxtf0CSE/s-l225.jpg
2018 Panini Flawless Baker Mayfield Signature #â€™d20 Rookie PSA 10 GEM MT AUTO 10,2020-12-11,"1,025.00",25,https://www.ebay.com/itm/2018-Panini-Flawless-Baker-Mayfield-Signature-d20-Rookie-PSA-10-GEM-MT-AUTO-10/154220776773?hash=item23e8464d45%3Ag%3AKsoAAOSwCjJfxV00&LH_Auction=1,https://i.ebayimg.com/thumbs/images/g/KsoAAOSwCjJfxV00/s-l225.jpg
2018 Panini Prizm Lamar Jackson RC PSA 10,2021-01-30,711.00,22,https://www.ebay.com/itm/2018-Panini-Prizm-Lamar-Jackson-RC-PSA-10/184630175649?hash=item2afcd0e7a1%3Ag%3Af6QAAOSwQdhgBIBW&LH_Auction=1,https://i.ebayimg.com/thumbs/images/g/f6QAAOSwQdhgBIBW/s-l225.jpg
2018 Panini Donruss Lamar Jackson Rookie Card RC PSA 10 Gem Mint #317 Ravens,2021-02-12,173.50,40,https://www.ebay.com/itm/2018-Panini-Donruss-Lamar-Jackson-Rookie-Card-RC-PSA-10-Gem-Mint-317-Ravens/224346279996?hash=item343c14903c%3Ag%3A99kAAOSwWNRgIxTX&LH_Auction=1,https://i.ebayimg.com/thumbs/images/g/99kAAOSwWNRgIxTX/s-l225.jpg
2018 Donruss Lamar Jackson Rated Rookie Rc PSA 10 GEM MINT ,2021-02-09,117.77,5,https://www.ebay.com/itm/2018-Donruss-Lamar-Jackson-Rated-Rookie-Rc-PSA-10-GEM-MINT/313407260167?hash=item48f8874607%3Ag%3AeEAAAOSwgb5gHKvj&LH_Auction=1,https://i.ebayimg.com/thumbs/images/g/eEAAAOSwgb5gHKvj/s-l225.jpg
Josh Allen 2018 Honors RED ZONE PRIZM AUTO RC /15 Buffalo Bills ROOKIE PSA 10!!,2021-01-17,"2,499.99",1,https://www.ebay.com/itm/Josh-Allen-2018-Honors-RED-ZONE-PRIZM-AUTO-RC-15-Buffalo-Bills-ROOKIE-PSA-10/133635931463?hash=item1f1d527d47%3Ag%3Ad-0AAOSwkVBf-wey&LH_Auction=1,https://i.ebayimg.com/thumbs/images/g/d-0AAOSwkVBf-wey/s-l225.jpg
2018 Contenders BAKER MAYFIELD Rookie Auto /25 PSA 10 Panini DP Bowl Ticket,2020-12-11,310.53,5,https://www.ebay.com/itm/2018-Contenders-BAKER-MAYFIELD-Rookie-Auto-25-PSA-10-Panini-DP-Bowl-Ticket/373381052253?hash=item56ef3eb75d%3Ag%3AufYAAOSwL1tfld9v&LH_Auction=1,https://i.ebayimg.com/thumbs/images/g/ufYAAOSwL1tfld9v/s-l225.jpg
2018 Panini Flawless Baker Mayfield #BM Signature Rookie PSA 10 GEM MINT AUTO 10,2020-12-11,"1,430.00",42,https://www.ebay.com/itm/2018-Panini-Flawless-Baker-Mayfield-BM-Signature-Rookie-PSA-10-GEM-MINT-AUTO-10/143867766641?hash=item217f2fe771%3Ag%3Ab%7E4AAOSwbYFfxV2w&LH_Auction=1,https://i.ebayimg.com/thumbs/images/g/b~4AAOSwbYFfxV2w/s-l225.jpg
2018 Contenders Rookie Ticket #101 Baker Mayfield RC AUTO PSA 10 GEM MINT,2020-12-09,569.00,33,https://www.ebay.com/itm/2018-Contenders-Rookie-Ticket-101-Baker-Mayfield-RC-AUTO-PSA-10-GEM-MINT/373376153987?hash=item56eef3f983%3Ag%3ABvIAAOSwq%7ExfyCEg&LH_Auction=1,https://i.ebayimg.com/thumbs/images/g/BvIAAOSwq~xfyCEg/s-l225.jpg
2018 Panini Contenders Rookie Ticket #101 Baker Mayfield RC AUTO PSA 10,2020-12-07,743.00,21,https://www.ebay.com/itm/2018-Panini-Contenders-Rookie-Ticket-101-Baker-Mayfield-RC-AUTO-PSA-10/363202292140?hash=item54908b29ac%3Ag%3AqogAAOSwwyVfxVc4&LH_Auction=1,https://i.ebayimg.com/thumbs/images/g/qogAAOSwwyVfxVc4/s-l225.jpg
2018 Panini Donruss Optic Lamar Jackson PSA 10 GEM MINT RC Baltimore Ravens,2020-11-25,183.50,40,https://www.ebay.com/itm/2018-Panini-Donruss-Optic-Lamar-Jackson-PSA-10-GEM-MINT-RC-Baltimore-Ravens/133580415908?hash=item1f1a0363a4%3Ag%3ACf0AAOSw2UpftTeQ&LH_Auction=1,https://i.ebayimg.com/thumbs/images/g/Cf0AAOSw2UpftTeQ/s-l225.jpg
2018 Donruss Optic #167 Lamar Jackson Baltimore Ravens RC Rookie PSA 10,2021-02-14,232.50,21,https://www.ebay.com/itm/2018-Donruss-Optic-167-Lamar-Jackson-Baltimore-Ravens-RC-Rookie-PSA-10/383942877887?hash=item5964c762bf%3Ag%3AbFgAAOSwwfhgIF3P&LH_Auction=1,https://i.ebayimg.com/thumbs/images/g/bFgAAOSwwfhgIF3P/s-l225.jpg
2018 Panini Prizm Silver Rookie Autographs Josh Allen RC Auto PSA 10 GEM MINT,2021-01-17,"3,999.00",1,https://www.ebay.com/itm/2018-Panini-Prizm-Silver-Rookie-Autographs-Josh-Allen-RC-Auto-PSA-10-GEM-MINT/254832561737?hash=item3b55344e49%3Ag%3AOvUAAOSwnZxf%7ESmh&LH_Auction=1,https://i.ebayimg.com/thumbs/images/g/OvUAAOSwnZxf~Smh/s-l225.jpg
JOSH ALLEN 2018 FLAWLESS ROOKIE DIAMOND GEMS AUTO CARD #d/25 BILLS RC PSA 10 SSP,2021-01-16,"1,551.00",40,https://www.ebay.com/itm/JOSH-ALLEN-2018-FLAWLESS-ROOKIE-DIAMOND-GEMS-AUTO-CARD-d-25-BILLS-RC-PSA-10-SSP/313369809143?hash=item48f64bd0f7%3Ag%3AVl8AAOSw9wVf864Q&LH_Auction=1,https://i.ebayimg.com/thumbs/images/g/Vl8AAOSw9wVf864Q/s-l225.jpg
BAKER MAYFIELD AUTO RC 2018 PANINI PRIZM SILVER ROOKIE AUTOGRAPH PSA 10 GEM MINT,2020-12-06,599.00,1,https://www.ebay.com/itm/BAKER-MAYFIELD-AUTO-RC-2018-PANINI-PRIZM-SILVER-ROOKIE-AUTOGRAPH-PSA-10-GEM-MINT/264966021049?hash=item3db1349fb9%3Ag%3Av44AAOSw7kRfgllb&LH_Auction=1,https://i.ebayimg.com/thumbs/images/g/v44AAOSw7kRfgllb/s-l225.jpg
2018 Prizm Baker Mayfield Auto PSA 10 SP /199 Red Wave Rookie RC Browns QB,2020-12-06,521.00,4,https://www.ebay.com/itm/2018-Prizm-Baker-Mayfield-Auto-PSA-10-SP-199-Red-Wave-Rookie-RC-Browns-QB/184559396214?hash=item2af898e576%3Ag%3A-q0AAOSw4m1fg6sl&LH_Auction=1,https://i.ebayimg.com/thumbs/images/g/-q0AAOSw4m1fg6sl/s-l225.jpg
2018 Panini Prizm #BM Baker Mayfield Auto RC Rookie Gem Mint PSA 10,2020-12-06,511.00,43,https://www.ebay.com/itm/2018-Panini-Prizm-BM-Baker-Mayfield-Auto-RC-Rookie-Gem-Mint-PSA-10/203202715134?hash=item2f4fd35dfe%3Ag%3AUA4AAOSwIFBfxG21&LH_Auction=1,https://i.ebayimg.com/thumbs/images/g/UA4AAOSwIFBfxG21/s-l225.jpg
2018 Panini Donruss #317 Lamar Jackson Baltimore Ravens RC Rookie PSA 10,2021-02-11,122.50,25,https://www.ebay.com/itm/2018-Panini-Donruss-317-Lamar-Jackson-Baltimore-Ravens-RC-Rookie-PSA-10/363282569373?hash=item549554189d%3Ag%3AmboAAOSwsl5gHG7O&LH_Auction=1,https://i.ebayimg.com/thumbs/images/g/mboAAOSwsl5gHG7O/s-l225.jpg
2018 Panini Select Premier Level RC #149 Lamar Jackson PSA 10 Ravens,2021-02-07,168.50,26,https://www.ebay.com/itm/2018-Panini-Select-Premier-Level-RC-149-Lamar-Jackson-PSA-10-Ravens/224335249151?hash=item343b6c3eff%3Ag%3ADUMAAOSwXwRfdzQe&LH_Auction=1,https://i.ebayimg.com/thumbs/images/g/DUMAAOSwXwRfdzQe/s-l225.jpg
2018 Panini Contenders No Feet Visible Josh Allen Auto RC Rookie Gem Mint PSA 10,2021-01-13,"4,549.00",39,https://www.ebay.com/itm/2018-Panini-Contenders-No-Feet-Visible-Josh-Allen-Auto-RC-Rookie-Gem-Mint-PSA-10/203240956829?hash=item2f521ae39d%3Ag%3AFUEAAOSwxahf9olL&LH_Auction=1,https://i.ebayimg.com/thumbs/images/g/FUEAAOSwxahf9olL/s-l225.jpg
2018 Flawless Josh Allen Ruby Gem Signature Rookie Auto 2/20 PSA 10 GEM MT POP 1,2021-01-13,"4,145.00",80,https://www.ebay.com/itm/2018-Flawless-Josh-Allen-Ruby-Gem-Signature-Rookie-Auto-2-20-PSA-10-GEM-MT-POP-1/402636521557?hash=item5dbf01c055%3Ag%3AuQAAAOSw3Zpf790k&LH_Auction=1,https://i.ebayimg.com/thumbs/images/g/uQAAAOSw3Zpf790k/s-l225.jpg
2018 Panini Prizm Baker Mayfield ROOKIE RC AUTO #BM PSA 10 GEM MINT BROWNS ,2020-12-06,404.99,50,https://www.ebay.com/itm/2018-Panini-Prizm-Baker-Mayfield-ROOKIE-RC-AUTO-BM-PSA-10-GEM-MINT-BROWNS/264957087734?hash=item3db0ac4ff6%3Ag%3AdscAAOSwtDNfqrq%7E&LH_Auction=1,https://i.ebayimg.com/thumbs/images/g/dscAAOSwtDNfqrq~/s-l225.jpg
Lamar Jackson 2018 Optic Red/yellow RC; PSA 10! Low POP ; MVP; InvestðŸ”¥,2021-01-10,350.00,27,https://www.ebay.com/itm/Lamar-Jackson-2018-Optic-Red-yellow-RC-PSA-10-Low-POP-MVP-Invest/383887165009?hash=item5961754651%3Ag%3AH1IAAOSwEOhf8iKb&LH_Auction=1,https://i.ebayimg.com/thumbs/images/g/H1IAAOSwEOhf8iKb/s-l225.jpg
2018 donruss lamar jackson psa 10 ðŸ”¥,2020-12-10,96.00,19,https://www.ebay.com/itm/2018-donruss-lamar-jackson-psa-10/174546989723?hash=item28a3cfb29b%3Ag%3AT9QAAOSw%7EkFfy%7EAk&LH_Auction=1,https://i.ebayimg.com/thumbs/images/g/T9QAAOSw~kFfy~Ak/s-l225.jpg
Josh Allen RC Patch Auto 2018 Obsidian Silver Prizm 54/100 RPA Sealed PSA 10?,2021-01-11,500.00,1,https://www.ebay.com/itm/Josh-Allen-RC-Patch-Auto-2018-Obsidian-Silver-Prizm-54-100-RPA-Sealed-PSA-10/265011052858?hash=item3db3e3c13a%3Ag%3A3lcAAOSw1Gxf%7ER5y&LH_Auction=1,https://i.ebayimg.com/thumbs/images/g/3lcAAOSw1Gxf~R5y/s-l225.jpg
JOSH ALLEN 2018 ELITE DRAFT ASPIRATIONS Purple AUTO RC 25/25 PSA 10 Pop 1/1 Rare,2021-01-11,"1,550.00",45,https://www.ebay.com/itm/JOSH-ALLEN-2018-ELITE-DRAFT-ASPIRATIONS-Purple-AUTO-RC-25-25-PSA-10-Pop-1-1-Rare/324441582706?hash=item4b8a39ac72%3Ag%3ASU8AAOSw59Jf77iW&LH_Auction=1,https://i.ebayimg.com/thumbs/images/g/SU8AAOSw59Jf77iW/s-l225.jpg
2018 Prizm Baker Mayfield Green Crystals RC Auto Autograph #03/75 PSA 10 GEM Y14,2020-12-06,481.06,39,https://www.ebay.com/itm/2018-Prizm-Baker-Mayfield-Green-Crystals-RC-Auto-Autograph-03-75-PSA-10-GEM-Y14/373374747849?hash=item56eede84c9%3Ag%3Aa58AAOSwzN9fxvXZ&LH_Auction=1,https://i.ebayimg.com/thumbs/images/g/a58AAOSwzN9fxvXZ/s-l225.jpg
2018 Leaf Flash Baker Mayfield Autograph Purple Rookie Card RC Auto 25/25 PSA 10,2020-12-06,399.99,1,https://www.ebay.com/itm/2018-Leaf-Flash-Baker-Mayfield-Autograph-Purple-Rookie-Card-RC-Auto-25-25-PSA-10/203206606180?hash=item2f500ebd64%3Ag%3A6s4AAOSwXfJfyHQu&LH_Auction=1,https://i.ebayimg.com/thumbs/images/g/6s4AAOSwXfJfyHQu/s-l225.jpg
2018 Panini Prizm #BM Baker Mayfield Auto RC Rookie Gem Mint PSA 10,2020-12-04,318.00,31,https://www.ebay.com/itm/2018-Panini-Prizm-BM-Baker-Mayfield-Auto-RC-Rookie-Gem-Mint-PSA-10/143867097750?hash=item217f25b296%3Ag%3AjJoAAOSwN3xfvICP&LH_Auction=1,https://i.ebayimg.com/thumbs/images/g/jJoAAOSwN3xfvICP/s-l225.jpg
2018 Flawless Signature Gloves Patch Auto Josh Allen /20 Gem Mint PSA 10,2021-01-10,"6,422.00",68,https://www.ebay.com/itm/2018-Flawless-Signature-Gloves-Patch-Auto-Josh-Allen-20-Gem-Mint-PSA-10/143906516587?hash=item21817f2e6b%3Ag%3AHtIAAOSw3%7Edf8Mo7&LH_Auction=1,https://i.ebayimg.com/thumbs/images/g/HtIAAOSw3~df8Mo7/s-l225.jpg
JOSH ALLEN 2018 Panini Prizm  Red Wave Rookie auto #13/199 PSA 10 ,2021-01-08,"2,250.00",57,https://www.ebay.com/itm/JOSH-ALLEN-2018-Panini-Prizm-Red-Wave-Rookie-auto-13-199-PSA-10/274630153400?hash=item3ff13b94b8%3Ag%3AyCEAAOSw1VBf6-Le&LH_Auction=1,https://i.ebayimg.com/thumbs/images/g/yCEAAOSw1VBf6-Le/s-l225.jpg
2018 Obsidian Josh Allen RC Electric Orange Etch Dual Patch Auto #10/50! PSA 10?,2021-01-05,850.00,46,https://www.ebay.com/itm/2018-Obsidian-Josh-Allen-RC-Electric-Orange-Etch-Dual-Patch-Auto-10-50-PSA-10/324435989327?hash=item4b89e4534f%3Ag%3AbH8AAOSw0CJf66hD&LH_Auction=1,https://i.ebayimg.com/thumbs/images/g/bH8AAOSw0CJf66hD/s-l225.jpg
2018 baker mayfield Score 7/20 Red Zone Rookie Red Auto Psa 10 Gem Ssp,2020-12-03,179.50,11,https://www.ebay.com/itm/2018-baker-mayfield-Score-7-20-Red-Zone-Rookie-Red-Auto-Psa-10-Gem-Ssp/154208780779?hash=item23e78f41eb%3Ag%3AfAUAAOSwwz1fu1h1&LH_Auction=1,https://i.ebayimg.com/thumbs/images/g/fAUAAOSwwz1fu1h1/s-l225.jpg
2018 Panini Prizm Josh Allen ROOKIE RC PATCH AUTO/99 #RPAJA PSA 10 GEM MINT,2021-01-05,"2,080.00",73,https://www.ebay.com/itm/2018-Panini-Prizm-Josh-Allen-ROOKIE-RC-PATCH-AUTO-99-RPAJA-PSA-10-GEM-MINT/264990465306?hash=item3db2a99d1a%3Ag%3AS9oAAOSwdihf55Kr&LH_Auction=1,https://i.ebayimg.com/thumbs/images/g/S9oAAOSwdihf55Kr/s-l225.jpg
2018 Panini Contenders Rookie Ticket Josh Allen RC PSA 9 PSA/DNA 10 AUTO,2021-01-04,"2,799.00",59,https://www.ebay.com/itm/2018-Panini-Contenders-Rookie-Ticket-Josh-Allen-RC-PSA-9-PSA-DNA-10-AUTO/373409278628?hash=item56f0ed6aa4%3Ag%3A2KgAAOSwfVhf6kHn&LH_Auction=1,https://i.ebayimg.com/thumbs/images/g/2KgAAOSwfVhf6kHn/s-l225.jpg
PSA 10 2018 Leaf Metal Draft JOSH ALLEN Rookie AUTO Football Card BLUE PRIZM RC ,2021-01-03,998.88,74,https://www.ebay.com/itm/PSA-10-2018-Leaf-Metal-Draft-JOSH-ALLEN-Rookie-AUTO-Football-Card-BLUE-PRIZM-RC/363233493759?hash=item54926742ff%3Ag%3AYOEAAOSwN4Zf5Ung&LH_Auction=1,https://i.ebayimg.com/thumbs/images/g/YOEAAOSwN4Zf5Ung/s-l225.jpg
2018 baker mayfield Score /20 Red Zone Rookie Non Auto Psa 10 Gem Ssp,2020-12-03,86.00,3,https://www.ebay.com/itm/2018-baker-mayfield-Score-20-Red-Zone-Rookie-Non-Auto-Psa-10-Gem-Ssp/154208786279?hash=item23e78f5767%3Ag%3AeNQAAOSwsOBfu1tT&LH_Auction=1,https://i.ebayimg.com/thumbs/images/g/eNQAAOSwsOBfu1tT/s-l225.jpg
2018 Contenders Rookie Ticket #101 Baker Mayfield Browns RC Rookie AUTO PSA 10,2020-12-02,385.00,12,https://www.ebay.com/itm/2018-Contenders-Rookie-Ticket-101-Baker-Mayfield-Browns-RC-Rookie-AUTO-PSA-10/373366128325?hash=item56ee5afec5%3Ag%3Ar-YAAOSwMp9fvu0t&LH_Auction=1,https://i.ebayimg.com/thumbs/images/g/r-YAAOSwMp9fvu0t/s-l225.jpg
2018 Panini Prizm #BM Baker Mayfield Auto RC Rookie Gem Mint PSA 10,2020-11-29,380.99,30,https://www.ebay.com/itm/2018-Panini-Prizm-BM-Baker-Mayfield-Auto-RC-Rookie-Gem-Mint-PSA-10/333799090448?hash=item4db7f9e910%3Ag%3AGF0AAOSwleBfuzPp&LH_Auction=1,https://i.ebayimg.com/thumbs/images/g/GF0AAOSwleBfuzPp/s-l225.jpg
2018 Panini Prizm JOSH ALLEN Red Wave Rookie auto #/199 PSA 10 ,2021-01-02,"1,925.00",66,https://www.ebay.com/itm/2018-Panini-Prizm-JOSH-ALLEN-Red-Wave-Rookie-auto-199-PSA-10/274624034925?hash=item3ff0de386d%3Ag%3At2wAAOSwIqlf5Awy&LH_Auction=1,https://i.ebayimg.com/thumbs/images/g/t2wAAOSwIqlf5Awy/s-l225.jpg
2018 Panini Score #351 Baker Mayfield RC Rookie AUTO PSA 10 GEM MINT,2020-11-24,94.02,11,https://www.ebay.com/itm/2018-Panini-Score-351-Baker-Mayfield-RC-Rookie-AUTO-PSA-10-GEM-MINT/373339293857?hash=item56ecc188a1%3Ag%3AfskAAOSwvvdfsBtT&LH_Auction=1,https://i.ebayimg.com/thumbs/images/g/fskAAOSwvvdfsBtT/s-l225.jpg
2018 Donruss Optic Purple Stars Prizm #153 Baker Mayfield RC AUTO 38/50 PSA 10,2020-11-23,325.00,27,https://www.ebay.com/itm/2018-Donruss-Optic-Purple-Stars-Prizm-153-Baker-Mayfield-RC-AUTO-38-50-PSA-10/363178624281?hash=item548f220519%3Ag%3AAr8AAOSwq39frxtU&LH_Auction=1,https://i.ebayimg.com/thumbs/images/g/Ar8AAOSwq39frxtU/s-l225.jpg
JOSH ALLEN 2018 PANINI PRIZM ROOKIE RED WAVE PRIZMS AUTO SP /199 PSA 10 GEM MINT,2021-01-01,"2,788.00",78,https://www.ebay.com/itm/JOSH-ALLEN-2018-PANINI-PRIZM-ROOKIE-RED-WAVE-PRIZMS-AUTO-SP-199-PSA-10-GEM-MINT/353332073400?hash=item52443b93b8%3Ag%3AnpUAAOSwaYVf5kmp&LH_Auction=1,https://i.ebayimg.com/thumbs/images/g/npUAAOSwaYVf5kmp/s-l225.jpg
2018 Panini Prizm Blue Scope Josh Allen ROOKIE RC AUTO /99 #JA PSA 10 GEM MINT,2020-12-31,"2,800.00",45,https://www.ebay.com/itm/2018-Panini-Prizm-Blue-Scope-Josh-Allen-ROOKIE-RC-AUTO-99-JA-PSA-10-GEM-MINT/393065159042?hash=item5b84825982%3Ag%3AA0gAAOSwCB5f4Ovq&LH_Auction=1,https://i.ebayimg.com/thumbs/images/g/A0gAAOSwCB5f4Ovq/s-l225.jpg
2018 Panini Prizm Josh Allen ROOKIE RC AUTO #JA PSA 10 GEM MINT,2020-12-28,"1,715.00",48,https://www.ebay.com/itm/2018-Panini-Prizm-Josh-Allen-ROOKIE-RC-AUTO-JA-PSA-10-GEM-MINT/224291056862?hash=item3438c9ecde%3Ag%3AAJEAAOSwliVf48-T&LH_Auction=1,https://i.ebayimg.com/thumbs/images/g/AJEAAOSwliVf48-T/s-l225.jpg
2018 Panini Prizm #BM Baker Mayfield Auto RC Rookie Gem Mint PSA 10,2020-11-22,401.03,32,https://www.ebay.com/itm/2018-Panini-Prizm-BM-Baker-Mayfield-Auto-RC-Rookie-Gem-Mint-PSA-10/333791023413?hash=item4db77ed135%3Ag%3ASBAAAOSwp6xfsf7Q&LH_Auction=1,https://i.ebayimg.com/thumbs/images/g/SBAAAOSwp6xfsf7Q/s-l225.jpg
2018 Contenders Optic Ticket RPS Purple 7/49 Josh Allen #105 PSA 10 Rookie Auto,2020-12-27,"3,155.00",48,https://www.ebay.com/itm/2018-Contenders-Optic-Ticket-RPS-Purple-7-49-Josh-Allen-105-PSA-10-Rookie-Auto/233826718050?hash=item3671289162%3Ag%3A5MsAAOSwAjVf3RKZ&LH_Auction=1,https://i.ebayimg.com/thumbs/images/g/5MsAAOSwAjVf3RKZ/s-l225.jpg
2018 Josh Allen Leaf Valiant Orange Prizm Refractor Rc Auto #/35 SSP BGS 9.5/10,2020-12-26,305.00,60,https://www.ebay.com/itm/2018-Josh-Allen-Leaf-Valiant-Orange-Prizm-Refractor-Rc-Auto-35-SSP-BGS-9-5-10/293903029084?hash=item446dfc535c%3Ag%3AdCAAAOSwckFf2q4r&LH_Auction=1,https://i.ebayimg.com/thumbs/images/g/dCAAAOSwckFf2q4r/s-l225.jpg
2018 Panini Contenders Rookie Ticket Auto Variation BAKER MAYFIELD Browns PSA 10,2020-11-22,676.66,32,https://www.ebay.com/itm/2018-Panini-Contenders-Rookie-Ticket-Auto-Variation-BAKER-MAYFIELD-Browns-PSA-10/143838488383?hash=item217d71273f%3Ag%3AcyYAAOSwoH9fjzyu&LH_Auction=1,https://i.ebayimg.com/thumbs/images/g/cyYAAOSwoH9fjzyu/s-l225.jpg
2018 Contenders Josh Allen RC Auto Playoff Ticket /49 PSA 8 DNA 10,2020-12-26,730.00,42,https://www.ebay.com/itm/2018-Contenders-Josh-Allen-RC-Auto-Playoff-Ticket-49-PSA-8-DNA-10/393062413161?hash=item5b84587369%3Ag%3AUx8AAOSwfK5fvrTM&LH_Auction=1,https://i.ebayimg.com/thumbs/images/g/Ux8AAOSwfK5fvrTM/s-l225.jpg
Josh Allen Rookie RC Panini Honors Gold Zone Auto Gem MT PSA 10 09/25 Pop 1/3,2020-12-25,"2,250.00",28,https://www.ebay.com/itm/Josh-Allen-Rookie-RC-Panini-Honors-Gold-Zone-Auto-Gem-MT-PSA-10-09-25-Pop-1-3/264982155110?hash=item3db22acf66%3Ag%3A56YAAOSwoGJf3YTb&LH_Auction=1,https://i.ebayimg.com/thumbs/images/g/56YAAOSwoGJf3YTb/s-l225.jpg
2018 Panini Prizm Purple Power Josh Allen ROOKIE RC AUTO /49 #JA PSA 10 GEM MINT,2020-12-17,"2,375.00",66,https://www.ebay.com/itm/2018-Panini-Prizm-Purple-Power-Josh-Allen-ROOKIE-RC-AUTO-49-JA-PSA-10-GEM-MINT/402594626525?hash=item5dbc827bdd%3Ag%3A5AIAAOSwI99fzswd&LH_Auction=1,https://i.ebayimg.com/thumbs/images/g/5AIAAOSwI99fzswd/s-l225.jpg
2018 Panini Prizm Blue Scope Josh Allen ROOKIE RC AUTO /99 #JA PSA 10 GEM MINT,2020-12-17,"2,275.00",67,https://www.ebay.com/itm/2018-Panini-Prizm-Blue-Scope-Josh-Allen-ROOKIE-RC-AUTO-99-JA-PSA-10-GEM-MINT/402594626520?hash=item5dbc827bd8%3Ag%3AOKIAAOSwSadfzswb&LH_Auction=1,https://i.ebayimg.com/thumbs/images/g/OKIAAOSwSadfzswb/s-l225.jpg
2018 Panini Flawless Silver Josh Allen ROOKIE RC PATCH AUTO 10/10 PSA 8 NM-MT,2020-12-17,900.01,37,https://www.ebay.com/itm/2018-Panini-Flawless-Silver-Josh-Allen-ROOKIE-RC-PATCH-AUTO-10-10-PSA-8-NM-MT/402594622457?hash=item5dbc826bf9%3Ag%3AE3wAAOSwne1fzsux&LH_Auction=1,https://i.ebayimg.com/thumbs/images/g/E3wAAOSwne1fzsux/s-l225.jpg
2018 Panini Contenders Optic Josh Allen ROOKIE RC AUTO #105 PSA 10 GEM MINT,2020-12-17,"1,800.00",32,https://www.ebay.com/itm/2018-Panini-Contenders-Optic-Josh-Allen-ROOKIE-RC-AUTO-105-PSA-10-GEM-MINT/353310576695?hash=item5242f39037%3Ag%3AX1gAAOSwC7tfzsut&LH_Auction=1,https://i.ebayimg.com/thumbs/images/g/X1gAAOSwC7tfzsut/s-l225.jpg
2018 Panini Contenders Josh Allen ROOKIE RC AUTO #105 PSA 10 GEM MINT,2020-12-17,"2,389.00",52,https://www.ebay.com/itm/2018-Panini-Contenders-Josh-Allen-ROOKIE-RC-AUTO-105-PSA-10-GEM-MINT/143877160237?hash=item217fbf3d2d%3Ag%3AqKYAAOSwleBfzsuX&LH_Auction=1,https://i.ebayimg.com/thumbs/images/g/qKYAAOSwleBfzsuX/s-l225.jpg
2018 Donruss Optic Bronze Preview Josh Allen ROOKIE RC AUTO /24 PSA 10 GEM MINT,2020-12-17,"1,536.00",39,https://www.ebay.com/itm/2018-Donruss-Optic-Bronze-Preview-Josh-Allen-ROOKIE-RC-AUTO-24-PSA-10-GEM-MINT/143877157769?hash=item217fbf3389%3Ag%3ARU0AAOSwVztfzsru&LH_Auction=1,https://i.ebayimg.com/thumbs/images/g/RU0AAOSwVztfzsru/s-l225.jpg
2018 Donruss Optic Holo Josh Allen ROOKIE RC AUTO /99 #154 PSA 10 GEM MINT,2020-12-17,"1,692.00",64,https://www.ebay.com/itm/2018-Donruss-Optic-Holo-Josh-Allen-ROOKIE-RC-AUTO-99-154-PSA-10-GEM-MINT/402594621457?hash=item5dbc826811%3Ag%3AD4oAAOSwnEFfzsrt&LH_Auction=1,https://i.ebayimg.com/thumbs/images/g/D4oAAOSwnEFfzsrt/s-l225.jpg
2018 Panini Contenders Optic Josh Allen RC Auto PSA 10 ðŸ”¥ðŸ”¥ðŸ”¥,2020-12-17,545.00,51,https://www.ebay.com/itm/2018-Panini-Contenders-Optic-Josh-Allen-RC-Auto-PSA-10/293887231338?hash=item446d0b456a%3Ag%3AVcYAAOSw2sRf0WBM&LH_Auction=1,https://i.ebayimg.com/thumbs/images/g/VcYAAOSw2sRf0WBM/s-l225.jpg
2018 Panini Silver Prizm #JA Josh Allen RC Rookie Bills AUTO PSA 10 GEM MINT,2020-12-14,"1,520.00",65,https://www.ebay.com/itm/2018-Panini-Silver-Prizm-JA-Josh-Allen-RC-Rookie-Bills-AUTO-PSA-10-GEM-MINT/363207730655?hash=item5490de25df%3Ag%3A1ocAAOSw0PtfyrG2&LH_Auction=1,https://i.ebayimg.com/thumbs/images/g/1ocAAOSw0PtfyrG2/s-l225.jpg
2018 Panini Contenders Rookie Ticket Josh Allen Rc AUTO No Feet PSA 10,2020-12-14,"2,045.00",44,https://www.ebay.com/itm/2018-Panini-Contenders-Rookie-Ticket-Josh-Allen-Rc-AUTO-No-Feet-PSA-10/373382328013?hash=item56ef522ecd%3Ag%3AFE8AAOSw-rVfzqAN&LH_Auction=1,https://i.ebayimg.com/thumbs/images/g/FE8AAOSw-rVfzqAN/s-l225.jpg
JOSH ALLEN 2018 Elite Rookie RC Pen Pals Black Auto Ready for Grading PSA 10?!?,2020-12-13,199.99,1,https://www.ebay.com/itm/JOSH-ALLEN-2018-Elite-Rookie-RC-Pen-Pals-Black-Auto-Ready-for-Grading-PSA-10/333819049576?hash=item4db92a7668%3Ag%3ALkYAAOSw629f0EBk&LH_Auction=1,https://i.ebayimg.com/thumbs/images/g/LkYAAOSw629f0EBk/s-l225.jpg
Josh Allen 2019 Panini Encased Gold Foil Auto BGS GEM 9/10 #2/20 Hot ðŸ¥µ MVP,2020-12-12,299.99,1,https://www.ebay.com/itm/Josh-Allen-2019-Panini-Encased-Gold-Foil-Auto-BGS-GEM-9-10-2-20-Hot-MVP/293878181762?hash=item446c812f82%3Ag%3A7nQAAOSwHflfusdn&LH_Auction=1,https://i.ebayimg.com/thumbs/images/g/7nQAAOSwHflfusdn/s-l225.jpg
JOSH ALLEN 2018 PANINI PRIZM RC SILVER PRIZMS AUTOGRAPH SP AUTO PSA 10 GEM MINT,2020-12-11,"1,300.00",48,https://www.ebay.com/itm/JOSH-ALLEN-2018-PANINI-PRIZM-RC-SILVER-PRIZMS-AUTOGRAPH-SP-AUTO-PSA-10-GEM-MINT/353309408958?hash=item5242e1bebe%3Ag%3ACLwAAOSw3iBfzWgY&LH_Auction=1,https://i.ebayimg.com/thumbs/images/g/CLwAAOSw3iBfzWgY/s-l225.jpg
2018 Josh Allen Leaf Valiant Green Prizm Refractor #/60 Rc Auto BGS 9.5/10 POP 6,2020-12-08,585.00,29,https://www.ebay.com/itm/2018-Josh-Allen-Leaf-Valiant-Green-Prizm-Refractor-60-Rc-Auto-BGS-9-5-10-POP-6/293862718372?hash=item446b953ba4%3Ag%3AsVcAAOSw7Vpfwr1b&LH_Auction=1,https://i.ebayimg.com/thumbs/images/g/sVcAAOSw7Vpfwr1b/s-l225.jpg
2018 Josh Allen Panini Select Jumbo 4CLR Gold Prizm Rookie Patch Auto 4/10 PSA 9,2020-12-07,"1,160.00",60,https://www.ebay.com/itm/2018-Josh-Allen-Panini-Select-Jumbo-4CLR-Gold-Prizm-Rookie-Patch-Auto-4-10-PSA-9/383839961515?hash=item595ea501ab%3Ag%3AjxEAAOSwum1fyD8T&LH_Auction=1,https://i.ebayimg.com/thumbs/images/g/jxEAAOSwum1fyD8T/s-l225.jpg
2018 Panini Contenders Feet Visible #105 Josh Allen Auto RC Gem Mint PSA 10,2020-12-07,"2,106.00",27,https://www.ebay.com/itm/2018-Panini-Contenders-Feet-Visible-105-Josh-Allen-Auto-RC-Gem-Mint-PSA-10/373372985439?hash=item56eec3a05f%3Ag%3AjngAAOSwmOhfxbUm&LH_Auction=1,https://i.ebayimg.com/thumbs/images/g/jngAAOSwmOhfxbUm/s-l225.jpg
Josh Allen 2018 NT Colossal Signatures Prime RPA /25 PSA 9/10 Auto,2020-12-06,484.00,6,https://www.ebay.com/itm/Josh-Allen-2018-NT-Colossal-Signatures-Prime-RPA-25-PSA-9-10-Auto/143867113329?hash=item217f25ef71%3Ag%3A9z0AAOSw%7EJhfxHdw&LH_Auction=1,https://i.ebayimg.com/thumbs/images/g/9z0AAOSw~JhfxHdw/s-l225.jpg
Josh Allen 2018 Contenders No Feet RC AUTO PSA 10 GEM MINT MB MIKE BAKER Silver,2020-12-06,"1,547.22",31,https://www.ebay.com/itm/Josh-Allen-2018-Contenders-No-Feet-RC-AUTO-PSA-10-GEM-MINT-MB-MIKE-BAKER-Silver/154215183363?hash=item23e7f0f403%3Ag%3A%7ECYAAOSwdo5fvwYX&LH_Auction=1,https://i.ebayimg.com/thumbs/images/g/~CYAAOSwdo5fvwYX/s-l225.jpg
Josh Allen 2018 Panini Contenders #105 Feet Visible RC AUTO PSA 10 Rookie Ticket,2020-12-06,"2,030.00",48,https://www.ebay.com/itm/Josh-Allen-2018-Panini-Contenders-105-Feet-Visible-RC-AUTO-PSA-10-Rookie-Ticket/154215181495?hash=item23e7f0ecb7%3Ag%3AI0YAAOSwQ6ZfvwYN&LH_Auction=1,https://i.ebayimg.com/thumbs/images/g/I0YAAOSwQ6ZfvwYN/s-l225.jpg
2018 Panini Prizm Josh Allen #JA Silver RC Autographs PSA 10/10 Auto GEM Bills S,2020-12-06,"1,122.22",37,https://www.ebay.com/itm/2018-Panini-Prizm-Josh-Allen-JA-Silver-RC-Autographs-PSA-10-10-Auto-GEM-Bills-S/174540709799?hash=item28a36fdfa7%3Ag%3AYFcAAOSw2V5fxaJ6&LH_Auction=1,https://i.ebayimg.com/thumbs/images/g/YFcAAOSw2V5fxaJ6/s-l225.jpg
2018 Panini Contenders DP #103 Josh Allen PSA 9 Auto 10 Bwl Tkd Football Card,2020-12-06,219.50,36,https://www.ebay.com/itm/2018-Panini-Contenders-DP-103-Josh-Allen-PSA-9-Auto-10-Bwl-Tkd-Football-Card/174539301280?hash=item28a35a61a0%3Ag%3AVGUAAOSwjGxfw83v&LH_Auction=1,https://i.ebayimg.com/thumbs/images/g/VGUAAOSwjGxfw83v/s-l225.jpg
JOSH ALLEN 2018 PANINI CONTENDERS ROOKIE TICKET AUTO PSA 10 BILLS,2020-12-01,"1,946.00",49,https://www.ebay.com/itm/JOSH-ALLEN-2018-PANINI-CONTENDERS-ROOKIE-TICKET-AUTO-PSA-10-BILLS/274589026812?hash=item3feec809fc%3Ag%3A4eYAAOSwwCNfvXmn&LH_Auction=1,https://i.ebayimg.com/thumbs/images/g/4eYAAOSwwCNfvXmn/s-l225.jpg
2018 Honors JOSH ALLEN Score Update RC ARTIST PROOF Blue #19/20 Auto PSA 10,2020-11-29,420.00,21,https://www.ebay.com/itm/2018-Honors-JOSH-ALLEN-Score-Update-RC-ARTIST-PROOF-Blue-19-20-Auto-PSA-10/233795886114?hash=item366f521c22%3Ag%3AS5UAAOSwktpftD9X&LH_Auction=1,https://i.ebayimg.com/thumbs/images/g/S5UAAOSwktpftD9X/s-l225.jpg
Josh Allen 2018 NT Colossal Signatures Prime RPA /25 PSA 9/10 Auto,2020-11-29,635.00,9,https://www.ebay.com/itm/Josh-Allen-2018-NT-Colossal-Signatures-Prime-RPA-25-PSA-9-10-Auto/143861709247?hash=item217ed379bf%3Ag%3AsNoAAOSwTnpfvZDb&LH_Auction=1,https://i.ebayimg.com/thumbs/images/g/sNoAAOSwTnpfvZDb/s-l225.jpg
1/1 Josh Allen 2018 Leaf Metal A&D Prismatic Red Prizm #5/5 BGS Rc Auto $500 ðŸ˜³,2020-11-24,179.99,2,https://www.ebay.com/itm/1-1-Josh-Allen-2018-Leaf-Metal-A-D-Prismatic-Red-Prizm-5-5-BGS-Rc-Auto-500/293837475194?hash=item446a140d7a%3Ag%3AVZsAAOSwDiZfs1VL&LH_Auction=1,https://i.ebayimg.com/thumbs/images/g/VZsAAOSwDiZfs1VL/s-l225.jpg
2018 Panini Contenders Josh Allen #105 No Feet RC Ticket Auto PSA 10 GEM Bills S,2020-11-23,"1,476.00",37,https://www.ebay.com/itm/2018-Panini-Contenders-Josh-Allen-105-No-Feet-RC-Ticket-Auto-PSA-10-GEM-Bills-S/174524748804?hash=item28a27c5404%3Ag%3AqcgAAOSw4T1ftbnq&LH_Auction=1,https://i.ebayimg.com/thumbs/images/g/qcgAAOSw4T1ftbnq/s-l225.jpg
Josh Allen Auto Optic Contenders Holo Rookie Ticket PSA 10,2020-11-22,"1,746.00",17,https://www.ebay.com/itm/Josh-Allen-Auto-Optic-Contenders-Holo-Rookie-Ticket-PSA-10/143845919234?hash=item217de28a02%3Ag%3A8l8AAOSwRKRfbFHm&LH_Auction=1,https://i.ebayimg.com/thumbs/images/g/8l8AAOSwRKRfbFHm/s-l225.jpg
2018 National Treasures Josh Allen ROOKIE RC PATCH AUTO /99 #163 PSA 10 GEM MINT,2020-11-22,"7,100.00",29,https://www.ebay.com/itm/2018-National-Treasures-Josh-Allen-ROOKIE-RC-PATCH-AUTO-99-163-PSA-10-GEM-MINT/402551723476?hash=item5db9f3d5d4%3Ag%3AcKcAAOSwV%7Elfrdrz&LH_Auction=1,https://i.ebayimg.com/thumbs/images/g/cKcAAOSwV~lfrdrz/s-l225.jpg
